SKU,22k,18k,14k,9k,siij_price_22,sigh_price_22,vsgh_price_22,vvsgh_price_22,vvsef_price_22,siij_price_18,sigh_price_18,vsgh_price_18,vvsgh_price_18,vvsef_price_18,siij_price_14,sigh_price_14,vsgh_price_14,vvsgh_price_14,vvsef_price_14,siij_price_9,sigh_price_9,vsgh_price_9,vvsgh_price_9,vvsef_price_9
GB00001,29474,21055,14519,0,0,0,0,0,0,0,0,0,0,0,0,0,0,0,0,0,0,0,0,0
GB00002,29490,21066,14527,0,0,0,0,0,0,0,0,0,0,0,0,0,0,0,0,0,0,0,0,0
GB00003,28016,20013,13801,0,0,0,0,0,0,0,0,0,0,0,0,0,0,0,0,0,0,0,0,0
GB00004,28016,20013,13801,0,0,0,0,0,0,0,0,0,0,0,0,0,0,0,0,0,0,0,0,0
GB00005,29490,21066,14527,0,0,0,0,0,0,0,0,0,0,0,0,0,0,0,0,0,0,0,0,0
GB00006,29490,21066,14527,0,0,0,0,0,0,0,0,0,0,0,0,0,0,0,0,0,0,0,0,0
GB00007,29490,21066,14527,0,0,0,0,0,0,0,0,0,0,0,0,0,0,0,0,0,0,0,0,0
GB00008,29490,21066,14527,0,0,0,0,0,0,0,0,0,0,0,0,0,0,0,0,0,0,0,0,0
GB00009,29490,21066,14527,0,0,0,0,0,0,0,0,0,0,0,0,0,0,0,0,0,0,0,0,0
GB00010,29490,21066,14527,0,0,0,0,0,0,0,0,0,0,0,0,0,0,0,0,0,0,0,0,0
GB00011,36273,25911,17869,0,0,0,0,0,0,0,0,0,0,0,0,0,0,0,0,0,0,0,0,0
GB00012,36273,25911,17869,0,0,0,0,0,0,0,0,0,0,0,0,0,0,0,0,0,0,0,0,0
GB00013,35388,25279,17433,0,0,0,0,0,0,0,0,0,0,0,0,0,0,0,0,0,0,0,0,0
GB00014,35388,25279,17433,0,0,0,0,0,0,0,0,0,0,0,0,0,0,0,0,0,0,0,0,0
GB00015,33324,23805,16416,0,0,0,0,0,0,0,0,0,0,0,0,0,0,0,0,0,0,0,0,0
GB00016,33324,23805,16416,0,0,0,0,0,0,0,0,0,0,0,0,0,0,0,0,0,0,0,0,0
GB00017,29490,21066,14527,0,0,0,0,0,0,0,0,0,0,0,0,0,0,0,0,0,0,0,0,0
GB00018,29490,21066,14527,0,0,0,0,0,0,0,0,0,0,0,0,0,0,0,0,0,0,0,0,0
GB00019,36863,26333,18159,0,0,0,0,0,0,0,0,0,0,0,0,0,0,0,0,0,0,0,0,0
GB00020,36863,26333,18159,0,0,0,0,0,0,0,0,0,0,0,0,0,0,0,0,0,0,0,0,0
GB00021,34651,24753,17070,0,0,0,0,0,0,0,0,0,0,0,0,0,0,0,0,0,0,0,0,0
GB00022,34651,24753,17070,0,0,0,0,0,0,0,0,0,0,0,0,0,0,0,0,0,0,0,0,0
GB00023,82572,58985,40676,0,0,0,0,0,0,0,0,0,0,0,0,0,0,0,0,0,0,0,0,0
GB00024,82572,58985,40676,0,0,0,0,0,0,0,0,0,0,0,0,0,0,0,0,0,0,0,0,0
GB00025,42761,30546,21065,0,0,0,0,0,0,0,0,0,0,0,0,0,0,0,0,0,0,0,0,0
GB00026,42761,30546,21065,0,0,0,0,0,0,0,0,0,0,0,0,0,0,0,0,0,0,0,0,0
GB00027,36863,26333,18159,0,0,0,0,0,0,0,0,0,0,0,0,0,0,0,0,0,0,0,0,0
GB00028,36863,26333,18159,0,0,0,0,0,0,0,0,0,0,0,0,0,0,0,0,0,0,0,0,0
GB00029,40549,28966,19975,0,0,0,0,0,0,0,0,0,0,0,0,0,0,0,0,0,0,0,0,0
GB00030,40549,28966,19975,0,0,0,0,0,0,0,0,0,0,0,0,0,0,0,0,0,0,0,0,0
GB00031,35388,25279,17433,0,0,0,0,0,0,0,0,0,0,0,0,0,0,0,0,0,0,0,0,0
GB00032,35388,25279,17433,0,0,0,0,0,0,0,0,0,0,0,0,0,0,0,0,0,0,0,0,0
GB00033,35388,25279,17433,0,0,0,0,0,0,0,0,0,0,0,0,0,0,0,0,0,0,0,0,0
GB00034,35388,25279,17433,0,0,0,0,0,0,0,0,0,0,0,0,0,0,0,0,0,0,0,0,0
GB00035,39812,28439,19612,0,0,0,0,0,0,0,0,0,0,0,0,0,0,0,0,0,0,0,0,0
GB00036,39812,28439,19612,0,0,0,0,0,0,0,0,0,0,0,0,0,0,0,0,0,0,0,0,0
GB00037,38337,27386,18885,0,0,0,0,0,0,0,0,0,0,0,0,0,0,0,0,0,0,0,0,0
GB00038,38337,27386,18885,0,0,0,0,0,0,0,0,0,0,0,0,0,0,0,0,0,0,0,0,0
GB00039,35388,25279,17433,0,0,0,0,0,0,0,0,0,0,0,0,0,0,0,0,0,0,0,0,0
GB00040,35388,25279,17433,0,0,0,0,0,0,0,0,0,0,0,0,0,0,0,0,0,0,0,0,0
GB00041,41286,29493,20338,0,0,0,0,0,0,0,0,0,0,0,0,0,0,0,0,0,0,0,0,0
GB00042,41286,29493,20338,0,0,0,0,0,0,0,0,0,0,0,0,0,0,0,0,0,0,0,0,0
GB00043,44235,31599,21791,0,0,0,0,0,0,0,0,0,0,0,0,0,0,0,0,0,0,0,0,0
GB00044,44235,31599,21791,0,0,0,0,0,0,0,0,0,0,0,0,0,0,0,0,0,0,0,0,0
GB00045,38337,27386,18885,0,0,0,0,0,0,0,0,0,0,0,0,0,0,0,0,0,0,0,0,0
GB00046,38337,27386,18885,0,0,0,0,0,0,0,0,0,0,0,0,0,0,0,0,0,0,0,0,0
GB00047,38337,27386,18885,0,0,0,0,0,0,0,0,0,0,0,0,0,0,0,0,0,0,0,0,0
GB00048,38337,27386,18885,0,0,0,0,0,0,0,0,0,0,0,0,0,0,0,0,0,0,0,0,0
GB00049,35326,25235,17402,0,0,0,0,0,0,0,0,0,0,0,0,0,0,0,0,0,0,0,0,0
GB00050,35326,25235,17402,0,0,0,0,0,0,0,0,0,0,0,0,0,0,0,0,0,0,0,0,0
GB00051,35326,25235,17402,0,0,0,0,0,0,0,0,0,0,0,0,0,0,0,0,0,0,0,0,0
GB00052,35326,25235,17402,0,0,0,0,0,0,0,0,0,0,0,0,0,0,0,0,0,0,0,0,0
GB00053,35326,25235,17402,0,0,0,0,0,0,0,0,0,0,0,0,0,0,0,0,0,0,0,0,0
GB00054,35326,25235,17402,0,0,0,0,0,0,0,0,0,0,0,0,0,0,0,0,0,0,0,0,0
GB00055,64943,46392,31992,0,0,0,0,0,0,0,0,0,0,0,0,0,0,0,0,0,0,0,0,0
GB00056,64943,46392,31992,0,0,0,0,0,0,0,0,0,0,0,0,0,0,0,0,0,0,0,0,0
GB00057,38359,27402,18896,0,0,0,0,0,0,0,0,0,0,0,0,0,0,0,0,0,0,0,0,0
GB00058,38359,27402,18896,0,0,0,0,0,0,0,0,0,0,0,0,0,0,0,0,0,0,0,0,0
GB00059,42819,30588,21094,0,0,0,0,0,0,0,0,0,0,0,0,0,0,0,0,0,0,0,0,0
GB00060,42819,30588,21094,0,0,0,0,0,0,0,0,0,0,0,0,0,0,0,0,0,0,0,0,0
GB00061,88494,63215,43593,0,0,0,0,0,0,0,0,0,0,0,0,0,0,0,0,0,0,0,0,0
GB00062,88494,63215,43593,0,0,0,0,0,0,0,0,0,0,0,0,0,0,0,0,0,0,0,0,0
GB00063,38359,27402,18896,0,0,0,0,0,0,0,0,0,0,0,0,0,0,0,0,0,0,0,0,0
GB00064,38359,27402,18896,0,0,0,0,0,0,0,0,0,0,0,0,0,0,0,0,0,0,0,0,0
GB00065,25870,18480,12744,0,0,0,0,0,0,0,0,0,0,0,0,0,0,0,0,0,0,0,0,0
GB00066,25870,18480,12744,0,0,0,0,0,0,0,0,0,0,0,0,0,0,0,0,0,0,0,0,0
GB00067,33185,23706,16348,0,0,0,0,0,0,0,0,0,0,0,0,0,0,0,0,0,0,0,0,0
GB00068,33185,23706,16348,0,0,0,0,0,0,0,0,0,0,0,0,0,0,0,0,0,0,0,0,0
GB00069,36753,26255,18105,0,0,0,0,0,0,0,0,0,0,0,0,0,0,0,0,0,0,0,0,0
GB00070,36753,26255,18105,0,0,0,0,0,0,0,0,0,0,0,0,0,0,0,0,0,0,0,0,0
GB00071,39786,28421,19599,0,0,0,0,0,0,0,0,0,0,0,0,0,0,0,0,0,0,0,0,0
GB00072,39786,28421,19599,0,0,0,0,0,0,0,0,0,0,0,0,0,0,0,0,0,0,0,0,0
GB00073,44247,31608,21797,0,0,0,0,0,0,0,0,0,0,0,0,0,0,0,0,0,0,0,0,0
GB00074,44247,31608,21797,0,0,0,0,0,0,0,0,0,0,0,0,0,0,0,0,0,0,0,0,0
GB00075,40500,28931,19951,0,0,0,0,0,0,0,0,0,0,0,0,0,0,0,0,0,0,0,0,0
GB00076,40500,28931,19951,0,0,0,0,0,0,0,0,0,0,0,0,0,0,0,0,0,0,0,0,0
GB00077,44247,31608,21797,0,0,0,0,0,0,0,0,0,0,0,0,0,0,0,0,0,0,0,0,0
GB00078,44247,31608,21797,0,0,0,0,0,0,0,0,0,0,0,0,0,0,0,0,0,0,0,0,0
GB00079,40500,28931,19951,0,0,0,0,0,0,0,0,0,0,0,0,0,0,0,0,0,0,0,0,0
GB00080,40500,28931,19951,0,0,0,0,0,0,0,0,0,0,0,0,0,0,0,0,0,0,0,0,0
GB00081,36753,26255,18105,0,0,0,0,0,0,0,0,0,0,0,0,0,0,0,0,0,0,0,0,0
GB00082,36753,26255,18105,0,0,0,0,0,0,0,0,0,0,0,0,0,0,0,0,0,0,0,0,0
GB00083,23551,16823,11601,0,0,0,0,0,0,0,0,0,0,0,0,0,0,0,0,0,0,0,0,0
GB00084,23551,16823,11601,0,0,0,0,0,0,0,0,0,0,0,0,0,0,0,0,0,0,0,0,0
GB00085,25870,18480,12744,0,0,0,0,0,0,0,0,0,0,0,0,0,0,0,0,0,0,0,0,0
GB00086,25870,18480,12744,0,0,0,0,0,0,0,0,0,0,0,0,0,0,0,0,0,0,0,0,0
GB00087,33185,23706,16348,0,0,0,0,0,0,0,0,0,0,0,0,0,0,0,0,0,0,0,0,0
GB00088,33185,23706,16348,0,0,0,0,0,0,0,0,0,0,0,0,0,0,0,0,0,0,0,0,0
GB00089,33185,23706,16348,0,0,0,0,0,0,0,0,0,0,0,0,0,0,0,0,0,0,0,0,0
GB00090,33185,23706,16348,0,0,0,0,0,0,0,0,0,0,0,0,0,0,0,0,0,0,0,0,0
GB00091,32471,23196,15996,0,0,0,0,0,0,0,0,0,0,0,0,0,0,0,0,0,0,0,0,0
GB00092,32471,23196,15996,0,0,0,0,0,0,0,0,0,0,0,0,0,0,0,0,0,0,0,0,0
GB00093,32471,23196,15996,0,0,0,0,0,0,0,0,0,0,0,0,0,0,0,0,0,0,0,0,0
GB00094,32471,23196,15996,0,0,0,0,0,0,0,0,0,0,0,0,0,0,0,0,0,0,0,0,0
GB00095,72258,51617,35595,0,0,0,0,0,0,0,0,0,0,0,0,0,0,0,0,0,0,0,0,0
GB00096,72258,51617,35595,0,0,0,0,0,0,0,0,0,0,0,0,0,0,0,0,0,0,0,0,0
GB00097,144159,102980,71015,0,0,0,0,0,0,0,0,0,0,0,0,0,0,0,0,0,0,0,0,0
GB00098,144159,102980,71015,0,0,0,0,0,0,0,0,0,0,0,0,0,0,0,0,0,0,0,0,0
GB00099,70474,50343,34717,0,0,0,0,0,0,0,0,0,0,0,0,0,0,0,0,0,0,0,0,0
GB00100,70474,50343,34717,0,0,0,0,0,0,0,0,0,0,0,0,0,0,0,0,0,0,0,0,0
GB00101,59055,42186,29092,0,0,0,0,0,0,0,0,0,0,0,0,0,0,0,0,0,0,0,0,0
GB00102,59055,42186,29092,0,0,0,0,0,0,0,0,0,0,0,0,0,0,0,0,0,0,0,0,0
GB00103,147549,105401,72685,0,0,0,0,0,0,0,0,0,0,0,0,0,0,0,0,0,0,0,0,0
GB00104,147549,105401,72685,0,0,0,0,0,0,0,0,0,0,0,0,0,0,0,0,0,0,0,0,0
GB00105,61303,43792,30199,0,0,0,0,0,0,0,0,0,0,0,0,0,0,0,0,0,0,0,0,0
GB00106,61303,43792,30199,0,0,0,0,0,0,0,0,0,0,0,0,0,0,0,0,0,0,0,0,0
GB00107,126853,90617,62490,0,0,0,0,0,0,0,0,0,0,0,0,0,0,0,0,0,0,0,0,0
GB00108,126853,90617,62490,0,0,0,0,0,0,0,0,0,0,0,0,0,0,0,0,0,0,0,0,0
GB00109,29510,21080,14537,0,0,0,0,0,0,0,0,0,0,0,0,0,0,0,0,0,0,0,0,0
GB00110,29510,21080,14537,0,0,0,0,0,0,0,0,0,0,0,0,0,0,0,0,0,0,0,0,0
GB00111,29510,21080,14537,0,0,0,0,0,0,0,0,0,0,0,0,0,0,0,0,0,0,0,0,0
GB00112,29510,21080,14537,0,0,0,0,0,0,0,0,0,0,0,0,0,0,0,0,0,0,0,0,0
GB00113,29510,21080,14537,0,0,0,0,0,0,0,0,0,0,0,0,0,0,0,0,0,0,0,0,0
GB00114,29510,21080,14537,0,0,0,0,0,0,0,0,0,0,0,0,0,0,0,0,0,0,0,0,0
GB00115,46388,33137,22851,0,0,0,0,0,0,0,0,0,0,0,0,0,0,0,0,0,0,0,0,0
GB00116,46388,33137,22851,0,0,0,0,0,0,0,0,0,0,0,0,0,0,0,0,0,0,0,0,0
GB00117,29510,21080,14537,0,0,0,0,0,0,0,0,0,0,0,0,0,0,0,0,0,0,0,0,0
GB00118,29510,21080,14537,0,0,0,0,0,0,0,0,0,0,0,0,0,0,0,0,0,0,0,0,0
GB00119,29510,21080,14537,0,0,0,0,0,0,0,0,0,0,0,0,0,0,0,0,0,0,0,0,0
GB00120,29510,21080,14537,0,0,0,0,0,0,0,0,0,0,0,0,0,0,0,0,0,0,0,0,0
GB00121,29510,21080,14537,0,0,0,0,0,0,0,0,0,0,0,0,0,0,0,0,0,0,0,0,0
GB00122,29510,21080,14537,0,0,0,0,0,0,0,0,0,0,0,0,0,0,0,0,0,0,0,0,0
GB00123,201145,143687,99087,0,0,0,0,0,0,0,0,0,0,0,0,0,0,0,0,0,0,0,0,0
GB00124,201145,143687,99087,0,0,0,0,0,0,0,0,0,0,0,0,0,0,0,0,0,0,0,0,0
GB00125,81179,57990,39990,0,0,0,0,0,0,0,0,0,0,0,0,0,0,0,0,0,0,0,0,0
GB00126,81179,57990,39990,0,0,0,0,0,0,0,0,0,0,0,0,0,0,0,0,0,0,0,0,0
GB00127,73864,52764,36386,0,0,0,0,0,0,0,0,0,0,0,0,0,0,0,0,0,0,0,0,0
GB00128,73864,52764,36386,0,0,0,0,0,0,0,0,0,0,0,0,0,0,0,0,0,0,0,0,0
GB00129,85639,61176,42187,0,0,0,0,0,0,0,0,0,0,0,0,0,0,0,0,0,0,0,0,0
GB00130,85639,61176,42187,0,0,0,0,0,0,0,0,0,0,0,0,0,0,0,0,0,0,0,0,0
GB00131,59055,42186,29092,0,0,0,0,0,0,0,0,0,0,0,0,0,0,0,0,0,0,0,0,0
GB00132,59055,42186,29092,0,0,0,0,0,0,0,0,0,0,0,0,0,0,0,0,0,0,0,0,0
GB00133,81179,57990,39990,0,0,0,0,0,0,0,0,0,0,0,0,0,0,0,0,0,0,0,0,0
GB00134,81179,57990,39990,0,0,0,0,0,0,0,0,0,0,0,0,0,0,0,0,0,0,0,0,0
GB00135,59234,42313,29179,0,0,0,0,0,0,0,0,0,0,0,0,0,0,0,0,0,0,0,0,0
GB00136,59234,42313,29179,0,0,0,0,0,0,0,0,0,0,0,0,0,0,0,0,0,0,0,0,0
GB00137,66370,47411,32695,0,0,0,0,0,0,0,0,0,0,0,0,0,0,0,0,0,0,0,0,0
GB00138,66370,47411,32695,0,0,0,0,0,0,0,0,0,0,0,0,0,0,0,0,0,0,0,0,0
GB00139,66370,47411,32695,0,0,0,0,0,0,0,0,0,0,0,0,0,0,0,0,0,0,0,0,0
GB00140,66370,47411,32695,0,0,0,0,0,0,0,0,0,0,0,0,0,0,0,0,0,0,0,0,0
GB00141,66370,47411,32695,0,0,0,0,0,0,0,0,0,0,0,0,0,0,0,0,0,0,0,0,0
GB00142,66370,47411,32695,0,0,0,0,0,0,0,0,0,0,0,0,0,0,0,0,0,0,0,0,0
GB00143,31044,22176,15293,0,0,0,0,0,0,0,0,0,0,0,0,0,0,0,0,0,0,0,0,0
GB00144,31044,22176,15293,0,0,0,0,0,0,0,0,0,0,0,0,0,0,0,0,0,0,0,0,0
GB00145,31044,22176,15293,0,0,0,0,0,0,0,0,0,0,0,0,0,0,0,0,0,0,0,0,0
GB00146,31044,22176,15293,0,0,0,0,0,0,0,0,0,0,0,0,0,0,0,0,0,0,0,0,0
GB00147,35504,25363,17490,0,0,0,0,0,0,0,0,0,0,0,0,0,0,0,0,0,0,0,0,0
GB00148,35504,25363,17490,0,0,0,0,0,0,0,0,0,0,0,0,0,0,0,0,0,0,0,0,0
GB00149,36932,26382,18193,0,0,0,0,0,0,0,0,0,0,0,0,0,0,0,0,0,0,0,0,0
GB00150,36932,26382,18193,0,0,0,0,0,0,0,0,0,0,0,0,0,0,0,0,0,0,0,0,0
GB00151,36932,26382,18193,0,0,0,0,0,0,0,0,0,0,0,0,0,0,0,0,0,0,0,0,0
GB00152,36932,26382,18193,0,0,0,0,0,0,0,0,0,0,0,0,0,0,0,0,0,0,0,0,0
GB00153,35504,25363,17490,0,0,0,0,0,0,0,0,0,0,0,0,0,0,0,0,0,0,0,0,0
GB00154,35504,25363,17490,0,0,0,0,0,0,0,0,0,0,0,0,0,0,0,0,0,0,0,0,0
GB00155,44247,31608,21797,0,0,0,0,0,0,0,0,0,0,0,0,0,0,0,0,0,0,0,0,0
GB00156,44247,31608,21797,0,0,0,0,0,0,0,0,0,0,0,0,0,0,0,0,0,0,0,0,0
GB00157,36932,26382,18193,0,0,0,0,0,0,0,0,0,0,0,0,0,0,0,0,0,0,0,0,0
GB00158,36932,26382,18193,0,0,0,0,0,0,0,0,0,0,0,0,0,0,0,0,0,0,0,0,0
GB00159,40679,29059,20039,0,0,0,0,0,0,0,0,0,0,0,0,0,0,0,0,0,0,0,0,0
GB00160,40679,29059,20039,0,0,0,0,0,0,0,0,0,0,0,0,0,0,0,0,0,0,0,0,0
GB00161,38359,27402,18896,0,0,0,0,0,0,0,0,0,0,0,0,0,0,0,0,0,0,0,0,0
GB00162,38359,27402,18896,0,0,0,0,0,0,0,0,0,0,0,0,0,0,0,0,0,0,0,0,0
GB00163,34791,24853,17139,0,0,0,0,0,0,0,0,0,0,0,0,0,0,0,0,0,0,0,0,0
GB00164,34791,24853,17139,0,0,0,0,0,0,0,0,0,0,0,0,0,0,0,0,0,0,0,0,0
GB00165,35504,25363,17490,0,0,0,0,0,0,0,0,0,0,0,0,0,0,0,0,0,0,0,0,0
GB00166,35504,25363,17490,0,0,0,0,0,0,0,0,0,0,0,0,0,0,0,0,0,0,0,0,0
GB00167,36932,26382,18193,0,0,0,0,0,0,0,0,0,0,0,0,0,0,0,0,0,0,0,0,0
GB00168,36932,26382,18193,0,0,0,0,0,0,0,0,0,0,0,0,0,0,0,0,0,0,0,0,0
GB00169,50134,35813,24697,0,0,0,0,0,0,0,0,0,0,0,0,0,0,0,0,0,0,0,0,0
GB00170,50134,35813,24697,0,0,0,0,0,0,0,0,0,0,0,0,0,0,0,0,0,0,0,0,0
GB00171,45853,32755,22588,0,0,0,0,0,0,0,0,0,0,0,0,0,0,0,0,0,0,0,0,0
GB00172,45853,32755,22588,0,0,0,0,0,0,0,0,0,0,0,0,0,0,0,0,0,0,0,0,0
GB00173,50134,35813,24697,0,0,0,0,0,0,0,0,0,0,0,0,0,0,0,0,0,0,0,0,0
GB00174,50134,35813,24697,0,0,0,0,0,0,0,0,0,0,0,0,0,0,0,0,0,0,0,0,0
GS00001,46245,33260,,0,0,0,0,0,0,0,0,0,0,0,0,0,0,0,0,0,0,0,0,0
GS00002,46245,33260,,0,0,0,0,0,0,0,0,0,0,0,0,0,0,0,0,0,0,0,0,0
GS00003,52411,37695,,0,0,0,0,0,0,0,0,0,0,0,0,0,0,0,0,0,0,0,0,0
GS00004,52411,37695,,0,0,0,0,0,0,0,0,0,0,0,0,0,0,0,0,0,0,0,0,0
GS00005,61660,44347,,0,0,0,0,0,0,0,0,0,0,0,0,0,0,0,0,0,0,0,0,0
GS00006,61660,44347,,0,0,0,0,0,0,0,0,0,0,0,0,0,0,0,0,0,0,0,0,0
GS00007,67819,48777,,0,0,0,0,0,0,0,0,0,0,0,0,0,0,0,0,0,0,0,0,0
GS00008,67819,48777,,0,0,0,0,0,0,0,0,0,0,0,0,0,0,0,0,0,0,0,0,0
GS00009,58577,42130,,0,0,0,0,0,0,0,0,0,0,0,0,0,0,0,0,0,0,0,0,0
GS00010,58577,42130,,0,0,0,0,0,0,0,0,0,0,0,0,0,0,0,0,0,0,0,0,0
GS00011,73992,53217,,0,0,0,0,0,0,0,0,0,0,0,0,0,0,0,0,0,0,0,0,0
GS00012,73992,53217,,0,0,0,0,0,0,0,0,0,0,0,0,0,0,0,0,0,0,0,0,0
GS00013,61739,44404,,0,0,0,0,0,0,0,0,0,0,0,0,0,0,0,0,0,0,0,0,0
GS00014,61739,44404,,0,0,0,0,0,0,0,0,0,0,0,0,0,0,0,0,0,0,0,0,0
GS00015,70909,50999,,0,0,0,0,0,0,0,0,0,0,0,0,0,0,0,0,0,0,0,0,0
GS00016,70909,50999,,0,0,0,0,0,0,0,0,0,0,0,0,0,0,0,0,0,0,0,0,0
GS00017,49328,35478,,0,0,0,0,0,0,0,0,0,0,0,0,0,0,0,0,0,0,0,0,0
GS00018,49328,35478,,0,0,0,0,0,0,0,0,0,0,0,0,0,0,0,0,0,0,0,0,0
GS00019,46245,33260,,0,0,0,0,0,0,0,0,0,0,0,0,0,0,0,0,0,0,0,0,0
GS00020,46245,33260,,0,0,0,0,0,0,0,0,0,0,0,0,0,0,0,0,0,0,0,0,0
GS00021,92490,66521,,0,0,0,0,0,0,0,0,0,0,0,0,0,0,0,0,0,0,0,0,0
GS00022,92490,66521,,0,0,0,0,0,0,0,0,0,0,0,0,0,0,0,0,0,0,0,0,0
GS00023,49328,35478,,0,0,0,0,0,0,0,0,0,0,0,0,0,0,0,0,0,0,0,0,0
GS00024,49328,35478,,0,0,0,0,0,0,0,0,0,0,0,0,0,0,0,0,0,0,0,0,0
GS00025,64743,46564,,0,0,0,0,0,0,0,0,0,0,0,0,0,0,0,0,0,0,0,0,0
GS00026,64743,46564,,0,0,0,0,0,0,0,0,0,0,0,0,0,0,0,0,0,0,0,0,0
GS00027,58577,42130,,0,0,0,0,0,0,0,0,0,0,0,0,0,0,0,0,0,0,0,0,0
GS00028,58577,42130,,0,0,0,0,0,0,0,0,0,0,0,0,0,0,0,0,0,0,0,0,0
GS00029,64743,46564,,0,0,0,0,0,0,0,0,0,0,0,0,0,0,0,0,0,0,0,0,0
GS00030,64743,46564,,0,0,0,0,0,0,0,0,0,0,0,0,0,0,0,0,0,0,0,0,0
GS00031,44765,32196,,0,0,0,0,0,0,0,0,0,0,0,0,0,0,0,0,0,0,0,0,0
GS00032,44765,32196,,0,0,0,0,0,0,0,0,0,0,0,0,0,0,0,0,0,0,0,0,0
K000001,33913,,,0,0,0,0,0,0,0,0,0,0,0,0,0,0,0,0,0,0,0,0,0
K000002,0,,,0,0,0,0,0,0,0,0,0,0,0,0,0,0,0,0,0,0,0,0,0
K000003,0,,,0,0,0,0,0,0,0,0,0,0,0,0,0,0,0,0,0,0,0,0,0
K000004,23739,,,0,0,0,0,0,0,0,0,0,0,0,0,0,0,0,0,0,0,0,0,0
K000005,0,,,0,0,0,0,0,0,0,0,0,0,0,0,0,0,0,0,0,0,0,0,0
K000006,0,,,0,0,0,0,0,0,0,0,0,0,0,0,0,0,0,0,0,0,0,0,0
K000007,23739,,,0,0,0,0,0,0,0,0,0,0,0,0,0,0,0,0,0,0,0,0,0
K000008,0,,,0,0,0,0,0,0,0,0,0,0,0,0,0,0,0,0,0,0,0,0,0
K000009,0,,,0,0,0,0,0,0,0,0,0,0,0,0,0,0,0,0,0,0,0,0,0
K000010,58577,,,0,0,0,0,0,0,0,0,0,0,0,0,0,0,0,0,0,0,0,0,0
K000011,0,,,0,0,0,0,0,0,0,0,0,0,0,0,0,0,0,0,0,0,0,0,0
K000012,0,,,0,0,0,0,0,0,0,0,0,0,0,0,0,0,0,0,0,0,0,0,0
K000013,23739,,,0,0,0,0,0,0,0,0,0,0,0,0,0,0,0,0,0,0,0,0,0
K000014,0,,,0,0,0,0,0,0,0,0,0,0,0,0,0,0,0,0,0,0,0,0,0
K000015,0,,,0,0,0,0,0,0,0,0,0,0,0,0,0,0,0,0,0,0,0,0,0
K000016,29905,,,0,0,0,0,0,0,0,0,0,0,0,0,0,0,0,0,0,0,0,0,0
K000017,0,,,0,0,0,0,0,0,0,0,0,0,0,0,0,0,0,0,0,0,0,0,0
K000018,0,,,0,0,0,0,0,0,0,0,0,0,0,0,0,0,0,0,0,0,0,0,0
K000019,29905,,,0,0,0,0,0,0,0,0,0,0,0,0,0,0,0,0,0,0,0,0,0
K000020,0,,,0,0,0,0,0,0,0,0,0,0,0,0,0,0,0,0,0,0,0,0,0
K000021,0,,,0,0,0,0,0,0,0,0,0,0,0,0,0,0,0,0,0,0,0,0,0
K000022,29905,,,0,0,0,0,0,0,0,0,0,0,0,0,0,0,0,0,0,0,0,0,0
K000023,0,,,0,0,0,0,0,0,0,0,0,0,0,0,0,0,0,0,0,0,0,0,0
K000024,0,,,0,0,0,0,0,0,0,0,0,0,0,0,0,0,0,0,0,0,0,0,0
K000025,20656,,,0,0,0,0,0,0,0,0,0,0,0,0,0,0,0,0,0,0,0,0,0
K000026,0,,,0,0,0,0,0,0,0,0,0,0,0,0,0,0,0,0,0,0,0,0,0
K000027,0,,,0,0,0,0,0,0,0,0,0,0,0,0,0,0,0,0,0,0,0,0,0
K000028,31323,,,0,0,0,0,0,0,0,0,0,0,0,0,0,0,0,0,0,0,0,0,0
K000029,0,,,0,0,0,0,0,0,0,0,0,0,0,0,0,0,0,0,0,0,0,0,0
K000030,0,,,0,0,0,0,0,0,0,0,0,0,0,0,0,0,0,0,0,0,0,0,0
K000031,38229,,,0,0,0,0,0,0,0,0,0,0,0,0,0,0,0,0,0,0,0,0,0
K000032,0,,,0,0,0,0,0,0,0,0,0,0,0,0,0,0,0,0,0,0,0,0,0
K000033,0,,,0,0,0,0,0,0,0,0,0,0,0,0,0,0,0,0,0,0,0,0,0
K000034,29905,,,0,0,0,0,0,0,0,0,0,0,0,0,0,0,0,0,0,0,0,0,0
K000035,0,,,0,0,0,0,0,0,0,0,0,0,0,0,0,0,0,0,0,0,0,0,0
K000036,0,,,0,0,0,0,0,0,0,0,0,0,0,0,0,0,0,0,0,0,0,0,0
K000037,45320,,,0,0,0,0,0,0,0,0,0,0,0,0,0,0,0,0,0,0,0,0,0
K000038,0,,,0,0,0,0,0,0,0,0,0,0,0,0,0,0,0,0,0,0,0,0,0
K000039,0,,,0,0,0,0,0,0,0,0,0,0,0,0,0,0,0,0,0,0,0,0,0
K000040,45320,,,0,0,0,0,0,0,0,0,0,0,0,0,0,0,0,0,0,0,0,0,0
K000041,0,,,0,0,0,0,0,0,0,0,0,0,0,0,0,0,0,0,0,0,0,0,0
K000042,0,,,0,0,0,0,0,0,0,0,0,0,0,0,0,0,0,0,0,0,0,0,0
K000043,29905,,,0,0,0,0,0,0,0,0,0,0,0,0,0,0,0,0,0,0,0,0,0
K000044,0,,,0,0,0,0,0,0,0,0,0,0,0,0,0,0,0,0,0,0,0,0,0
K000045,0,,,0,0,0,0,0,0,0,0,0,0,0,0,0,0,0,0,0,0,0,0,0
K000046,42237,,,0,0,0,0,0,0,0,0,0,0,0,0,0,0,0,0,0,0,0,0,0
K000047,0,,,0,0,0,0,0,0,0,0,0,0,0,0,0,0,0,0,0,0,0,0,0
K000048,0,,,0,0,0,0,0,0,0,0,0,0,0,0,0,0,0,0,0,0,0,0,0
K000049,51486,,,0,0,0,0,0,0,0,0,0,0,0,0,0,0,0,0,0,0,0,0,0
K000050,0,,,0,0,0,0,0,0,0,0,0,0,0,0,0,0,0,0,0,0,0,0,0
K000051,0,,,0,0,0,0,0,0,0,0,0,0,0,0,0,0,0,0,0,0,0,0,0
K000052,58577,,,0,0,0,0,0,0,0,0,0,0,0,0,0,0,0,0,0,0,0,0,0
K000053,0,,,0,0,0,0,0,0,0,0,0,0,0,0,0,0,0,0,0,0,0,0,0
K000054,0,,,0,0,0,0,0,0,0,0,0,0,0,0,0,0,0,0,0,0,0,0,0
K000055,77075,,,0,0,0,0,0,0,0,0,0,0,0,0,0,0,0,0,0,0,0,0,0
K000056,0,,,0,0,0,0,0,0,0,0,0,0,0,0,0,0,0,0,0,0,0,0,0
K000057,0,,,0,0,0,0,0,0,0,0,0,0,0,0,0,0,0,0,0,0,0,0,0
K000058,45320,,,0,0,0,0,0,0,0,0,0,0,0,0,0,0,0,0,0,0,0,0,0
K000059,0,,,0,0,0,0,0,0,0,0,0,0,0,0,0,0,0,0,0,0,0,0,0
K000060,0,,,0,0,0,0,0,0,0,0,0,0,0,0,0,0,0,0,0,0,0,0,0
K000061,32988,,,0,0,0,0,0,0,0,0,0,0,0,0,0,0,0,0,0,0,0,0,0
K000062,0,,,0,0,0,0,0,0,0,0,0,0,0,0,0,0,0,0,0,0,0,0,0
K000063,0,,,0,0,0,0,0,0,0,0,0,0,0,0,0,0,0,0,0,0,0,0,0
K000064,45320,,,0,0,0,0,0,0,0,0,0,0,0,0,0,0,0,0,0,0,0,0,0
K000065,0,,,0,0,0,0,0,0,0,0,0,0,0,0,0,0,0,0,0,0,0,0,0
K000066,0,,,0,0,0,0,0,0,0,0,0,0,0,0,0,0,0,0,0,0,0,0,0
K000067,70909,,,0,0,0,0,0,0,0,0,0,0,0,0,0,0,0,0,0,0,0,0,0
K000068,0,,,0,0,0,0,0,0,0,0,0,0,0,0,0,0,0,0,0,0,0,0,0
K000069,0,,,0,0,0,0,0,0,0,0,0,0,0,0,0,0,0,0,0,0,0,0,0
K000070,77075,,,0,0,0,0,0,0,0,0,0,0,0,0,0,0,0,0,0,0,0,0,0
K000071,0,,,0,0,0,0,0,0,0,0,0,0,0,0,0,0,0,0,0,0,0,0,0
K000072,0,,,0,0,0,0,0,0,0,0,0,0,0,0,0,0,0,0,0,0,0,0,0
K000073,77075,,,0,0,0,0,0,0,0,0,0,0,0,0,0,0,0,0,0,0,0,0,0
K000074,0,,,0,0,0,0,0,0,0,0,0,0,0,0,0,0,0,0,0,0,0,0,0
K000075,0,,,0,0,0,0,0,0,0,0,0,0,0,0,0,0,0,0,0,0,0,0,0
K000076,45320,,,0,0,0,0,0,0,0,0,0,0,0,0,0,0,0,0,0,0,0,0,0
K000077,0,,,0,0,0,0,0,0,0,0,0,0,0,0,0,0,0,0,0,0,0,0,0
K000078,0,,,0,0,0,0,0,0,0,0,0,0,0,0,0,0,0,0,0,0,0,0,0
K000079,70909,,,0,0,0,0,0,0,0,0,0,0,0,0,0,0,0,0,0,0,0,0,0
K000080,0,,,0,0,0,0,0,0,0,0,0,0,0,0,0,0,0,0,0,0,0,0,0
K000081,0,,,0,0,0,0,0,0,0,0,0,0,0,0,0,0,0,0,0,0,0,0,0
K000082,77075,,,0,0,0,0,0,0,0,0,0,0,0,0,0,0,0,0,0,0,0,0,0
K000083,0,,,0,0,0,0,0,0,0,0,0,0,0,0,0,0,0,0,0,0,0,0,0
K000084,0,,,0,0,0,0,0,0,0,0,0,0,0,0,0,0,0,0,0,0,0,0,0
K000085,77075,,,0,0,0,0,0,0,0,0,0,0,0,0,0,0,0,0,0,0,0,0,0
K000086,0,,,0,0,0,0,0,0,0,0,0,0,0,0,0,0,0,0,0,0,0,0,0
K000087,0,,,0,0,0,0,0,0,0,0,0,0,0,0,0,0,0,0,0,0,0,0,0
K000088,70909,,,0,0,0,0,0,0,0,0,0,0,0,0,0,0,0,0,0,0,0,0,0
K000089,0,,,0,0,0,0,0,0,0,0,0,0,0,0,0,0,0,0,0,0,0,0,0
K000090,0,,,0,0,0,0,0,0,0,0,0,0,0,0,0,0,0,0,0,0,0,0,0
K000091,39154,,,0,0,0,0,0,0,0,0,0,0,0,0,0,0,0,0,0,0,0,0,0
K000092,0,,,0,0,0,0,0,0,0,0,0,0,0,0,0,0,0,0,0,0,0,0,0
K000093,0,,,0,0,0,0,0,0,0,0,0,0,0,0,0,0,0,0,0,0,0,0,0
K000094,29905,,,0,0,0,0,0,0,0,0,0,0,0,0,0,0,0,0,0,0,0,0,0
K000095,0,,,0,0,0,0,0,0,0,0,0,0,0,0,0,0,0,0,0,0,0,0,0
K000096,0,,,0,0,0,0,0,0,0,0,0,0,0,0,0,0,0,0,0,0,0,0,0
K000097,13874,,,0,0,0,0,0,0,0,0,0,0,0,0,0,0,0,0,0,0,0,0,0
K000098,0,,,0,0,0,0,0,0,0,0,0,0,0,0,0,0,0,0,0,0,0,0,0
K000099,0,,,0,0,0,0,0,0,0,0,0,0,0,0,0,0,0,0,0,0,0,0,0
K000100,77075,,,0,0,0,0,0,0,0,0,0,0,0,0,0,0,0,0,0,0,0,0,0
K000101,0,,,0,0,0,0,0,0,0,0,0,0,0,0,0,0,0,0,0,0,0,0,0
K000102,0,,,0,0,0,0,0,0,0,0,0,0,0,0,0,0,0,0,0,0,0,0,0
K000103,58577,,,0,0,0,0,0,0,0,0,0,0,0,0,0,0,0,0,0,0,0,0,0
K000104,0,,,0,0,0,0,0,0,0,0,0,0,0,0,0,0,0,0,0,0,0,0,0
K000105,0,,,0,0,0,0,0,0,0,0,0,0,0,0,0,0,0,0,0,0,0,0,0
K000106,70909,,,0,0,0,0,0,0,0,0,0,0,0,0,0,0,0,0,0,0,0,0,0
K000107,0,,,0,0,0,0,0,0,0,0,0,0,0,0,0,0,0,0,0,0,0,0,0
K000108,0,,,0,0,0,0,0,0,0,0,0,0,0,0,0,0,0,0,0,0,0,0,0
K000109,77075,,,0,0,0,0,0,0,0,0,0,0,0,0,0,0,0,0,0,0,0,0,0
K000110,0,,,0,0,0,0,0,0,0,0,0,0,0,0,0,0,0,0,0,0,0,0,0
K000111,0,,,0,0,0,0,0,0,0,0,0,0,0,0,0,0,0,0,0,0,0,0,0
K000112,58577,,,0,0,0,0,0,0,0,0,0,0,0,0,0,0,0,0,0,0,0,0,0
K000113,0,,,0,0,0,0,0,0,0,0,0,0,0,0,0,0,0,0,0,0,0,0,0
K000114,0,,,0,0,0,0,0,0,0,0,0,0,0,0,0,0,0,0,0,0,0,0,0
K000115,39154,,,0,0,0,0,0,0,0,0,0,0,0,0,0,0,0,0,0,0,0,0,0
K000116,0,,,0,0,0,0,0,0,0,0,0,0,0,0,0,0,0,0,0,0,0,0,0
K000117,0,,,0,0,0,0,0,0,0,0,0,0,0,0,0,0,0,0,0,0,0,0,0
K000118,45320,,,0,0,0,0,0,0,0,0,0,0,0,0,0,0,0,0,0,0,0,0,0
K000119,0,,,0,0,0,0,0,0,0,0,0,0,0,0,0,0,0,0,0,0,0,0,0
K000120,0,,,0,0,0,0,0,0,0,0,0,0,0,0,0,0,0,0,0,0,0,0,0
K000121,42237,,,0,0,0,0,0,0,0,0,0,0,0,0,0,0,0,0,0,0,0,0,0
K000122,0,,,0,0,0,0,0,0,0,0,0,0,0,0,0,0,0,0,0,0,0,0,0
K000123,0,,,0,0,0,0,0,0,0,0,0,0,0,0,0,0,0,0,0,0,0,0,0
K000124,45320,,,0,0,0,0,0,0,0,0,0,0,0,0,0,0,0,0,0,0,0,0,0
K000125,0,,,0,0,0,0,0,0,0,0,0,0,0,0,0,0,0,0,0,0,0,0,0
K000126,0,,,0,0,0,0,0,0,0,0,0,0,0,0,0,0,0,0,0,0,0,0,0
K000127,64743,,,0,0,0,0,0,0,0,0,0,0,0,0,0,0,0,0,0,0,0,0,0
K000128,0,,,0,0,0,0,0,0,0,0,0,0,0,0,0,0,0,0,0,0,0,0,0
K000129,0,,,0,0,0,0,0,0,0,0,0,0,0,0,0,0,0,0,0,0,0,0,0
K000130,1542,,,0,0,0,0,0,0,0,0,0,0,0,0,0,0,0,0,0,0,0,0,0
K000131,0,,,0,0,0,0,0,0,0,0,0,0,0,0,0,0,0,0,0,0,0,0,0
K000132,0,,,0,0,0,0,0,0,0,0,0,0,0,0,0,0,0,0,0,0,0,0,0
K000133,32988,,,0,0,0,0,0,0,0,0,0,0,0,0,0,0,0,0,0,0,0,0,0
K000134,0,,,0,0,0,0,0,0,0,0,0,0,0,0,0,0,0,0,0,0,0,0,0
K000135,0,,,0,0,0,0,0,0,0,0,0,0,0,0,0,0,0,0,0,0,0,0,0
K000136,16957,,,0,0,0,0,0,0,0,0,0,0,0,0,0,0,0,0,0,0,0,0,0
K000137,0,,,0,0,0,0,0,0,0,0,0,0,0,0,0,0,0,0,0,0,0,0,0
K000138,0,,,0,0,0,0,0,0,0,0,0,0,0,0,0,0,0,0,0,0,0,0,0
K000139,29905,,,0,0,0,0,0,0,0,0,0,0,0,0,0,0,0,0,0,0,0,0,0
K000140,0,,,0,0,0,0,0,0,0,0,0,0,0,0,0,0,0,0,0,0,0,0,0
K000141,0,,,0,0,0,0,0,0,0,0,0,0,0,0,0,0,0,0,0,0,0,0,0
K000142,26822,,,0,0,0,0,0,0,0,0,0,0,0,0,0,0,0,0,0,0,0,0,0
K000143,0,,,0,0,0,0,0,0,0,0,0,0,0,0,0,0,0,0,0,0,0,0,0
K000144,0,,,0,0,0,0,0,0,0,0,0,0,0,0,0,0,0,0,0,0,0,0,0
K000145,20656,,,0,0,0,0,0,0,0,0,0,0,0,0,0,0,0,0,0,0,0,0,0
K000146,0,,,0,0,0,0,0,0,0,0,0,0,0,0,0,0,0,0,0,0,0,0,0
K000147,0,,,0,0,0,0,0,0,0,0,0,0,0,0,0,0,0,0,0,0,0,0,0
K000148,77075,,,0,0,0,0,0,0,0,0,0,0,0,0,0,0,0,0,0,0,0,0,0
K000149,0,,,0,0,0,0,0,0,0,0,0,0,0,0,0,0,0,0,0,0,0,0,0
K000150,0,,,0,0,0,0,0,0,0,0,0,0,0,0,0,0,0,0,0,0,0,0,0
K000151,26822,,,0,0,0,0,0,0,0,0,0,0,0,0,0,0,0,0,0,0,0,0,0
K000152,0,,,0,0,0,0,0,0,0,0,0,0,0,0,0,0,0,0,0,0,0,0,0
K000153,0,,,0,0,0,0,0,0,0,0,0,0,0,0,0,0,0,0,0,0,0,0,0
K000154,23739,,,0,0,0,0,0,0,0,0,0,0,0,0,0,0,0,0,0,0,0,0,0
K000155,0,,,0,0,0,0,0,0,0,0,0,0,0,0,0,0,0,0,0,0,0,0,0
K000156,0,,,0,0,0,0,0,0,0,0,0,0,0,0,0,0,0,0,0,0,0,0,0
K000157,16957,,,0,0,0,0,0,0,0,0,0,0,0,0,0,0,0,0,0,0,0,0,0
K000158,0,,,0,0,0,0,0,0,0,0,0,0,0,0,0,0,0,0,0,0,0,0,0
K000159,0,,,0,0,0,0,0,0,0,0,0,0,0,0,0,0,0,0,0,0,0,0,0
K000160,1542,,,0,0,0,0,0,0,0,0,0,0,0,0,0,0,0,0,0,0,0,0,0
K000161,0,,,0,0,0,0,0,0,0,0,0,0,0,0,0,0,0,0,0,0,0,0,0
K000162,0,,,0,0,0,0,0,0,0,0,0,0,0,0,0,0,0,0,0,0,0,0,0
K000163,20656,,,0,0,0,0,0,0,0,0,0,0,0,0,0,0,0,0,0,0,0,0,0
K000164,0,,,0,0,0,0,0,0,0,0,0,0,0,0,0,0,0,0,0,0,0,0,0
K000165,0,,,0,0,0,0,0,0,0,0,0,0,0,0,0,0,0,0,0,0,0,0,0
K000166,1542,,,0,0,0,0,0,0,0,0,0,0,0,0,0,0,0,0,0,0,0,0,0
K000167,0,,,0,0,0,0,0,0,0,0,0,0,0,0,0,0,0,0,0,0,0,0,0
K000168,0,,,0,0,0,0,0,0,0,0,0,0,0,0,0,0,0,0,0,0,0,0,0
K000169,20656,,,0,0,0,0,0,0,0,0,0,0,0,0,0,0,0,0,0,0,0,0,0
K000170,0,,,0,0,0,0,0,0,0,0,0,0,0,0,0,0,0,0,0,0,0,0,0
K000171,0,,,0,0,0,0,0,0,0,0,0,0,0,0,0,0,0,0,0,0,0,0,0
K000172,58577,,,0,0,0,0,0,0,0,0,0,0,0,0,0,0,0,0,0,0,0,0,0
K000173,0,,,0,0,0,0,0,0,0,0,0,0,0,0,0,0,0,0,0,0,0,0,0
K000174,0,,,0,0,0,0,0,0,0,0,0,0,0,0,0,0,0,0,0,0,0,0,0
K000175,1542,,,0,0,0,0,0,0,0,0,0,0,0,0,0,0,0,0,0,0,0,0,0
K000176,0,,,0,0,0,0,0,0,0,0,0,0,0,0,0,0,0,0,0,0,0,0,0
K000177,0,,,0,0,0,0,0,0,0,0,0,0,0,0,0,0,0,0,0,0,0,0,0
K000178,26822,,,0,0,0,0,0,0,0,0,0,0,0,0,0,0,0,0,0,0,0,0,0
K000179,0,,,0,0,0,0,0,0,0,0,0,0,0,0,0,0,0,0,0,0,0,0,0
K000180,0,,,0,0,0,0,0,0,0,0,0,0,0,0,0,0,0,0,0,0,0,0,0
K000181,39154,,,0,0,0,0,0,0,0,0,0,0,0,0,0,0,0,0,0,0,0,0,0
K000182,0,,,0,0,0,0,0,0,0,0,0,0,0,0,0,0,0,0,0,0,0,0,0
K000183,0,,,0,0,0,0,0,0,0,0,0,0,0,0,0,0,0,0,0,0,0,0,0
K000184,58577,,,0,0,0,0,0,0,0,0,0,0,0,0,0,0,0,0,0,0,0,0,0
K000185,0,,,0,0,0,0,0,0,0,0,0,0,0,0,0,0,0,0,0,0,0,0,0
K000186,0,,,0,0,0,0,0,0,0,0,0,0,0,0,0,0,0,0,0,0,0,0,0
K000187,77075,,,0,0,0,0,0,0,0,0,0,0,0,0,0,0,0,0,0,0,0,0,0
K000188,0,,,0,0,0,0,0,0,0,0,0,0,0,0,0,0,0,0,0,0,0,0,0
K000189,0,,,0,0,0,0,0,0,0,0,0,0,0,0,0,0,0,0,0,0,0,0,0
K000190,32988,,,0,0,0,0,0,0,0,0,0,0,0,0,0,0,0,0,0,0,0,0,0
K000191,0,,,0,0,0,0,0,0,0,0,0,0,0,0,0,0,0,0,0,0,0,0,0
K000192,0,,,0,0,0,0,0,0,0,0,0,0,0,0,0,0,0,0,0,0,0,0,0
K000193,29905,,,0,0,0,0,0,0,0,0,0,0,0,0,0,0,0,0,0,0,0,0,0
K000194,0,,,0,0,0,0,0,0,0,0,0,0,0,0,0,0,0,0,0,0,0,0,0
K000195,0,,,0,0,0,0,0,0,0,0,0,0,0,0,0,0,0,0,0,0,0,0,0
K000196,42237,,,0,0,0,0,0,0,0,0,0,0,0,0,0,0,0,0,0,0,0,0,0
K000197,0,,,0,0,0,0,0,0,0,0,0,0,0,0,0,0,0,0,0,0,0,0,0
K000198,0,,,0,0,0,0,0,0,0,0,0,0,0,0,0,0,0,0,0,0,0,0,0
K000199,58577,,,0,0,0,0,0,0,0,0,0,0,0,0,0,0,0,0,0,0,0,0,0
K000200,0,,,0,0,0,0,0,0,0,0,0,0,0,0,0,0,0,0,0,0,0,0,0
K000201,0,,,0,0,0,0,0,0,0,0,0,0,0,0,0,0,0,0,0,0,0,0,0
K000202,136577,,,0,0,0,0,0,0,0,0,0,0,0,0,0,0,0,0,0,0,0,0,0
K000203,0,,,0,0,0,0,0,0,0,0,0,0,0,0,0,0,0,0,0,0,0,0,0
K000204,0,,,0,0,0,0,0,0,0,0,0,0,0,0,0,0,0,0,0,0,0,0,0
K000205,118696,,,0,0,0,0,0,0,0,0,0,0,0,0,0,0,0,0,0,0,0,0,0
K000206,0,,,0,0,0,0,0,0,0,0,0,0,0,0,0,0,0,0,0,0,0,0,0
K000207,0,,,0,0,0,0,0,0,0,0,0,0,0,0,0,0,0,0,0,0,0,0,0
K000208,137194,,,0,0,0,0,0,0,0,0,0,0,0,0,0,0,0,0,0,0,0,0,0
K000209,0,,,0,0,0,0,0,0,0,0,0,0,0,0,0,0,0,0,0,0,0,0,0
K000210,0,,,0,0,0,0,0,0,0,0,0,0,0,0,0,0,0,0,0,0,0,0,0
K000211,137194,,,0,0,0,0,0,0,0,0,0,0,0,0,0,0,0,0,0,0,0,0,0
K000212,0,,,0,0,0,0,0,0,0,0,0,0,0,0,0,0,0,0,0,0,0,0,0
K000213,0,,,0,0,0,0,0,0,0,0,0,0,0,0,0,0,0,0,0,0,0,0,0
K000214,155692,,,0,0,0,0,0,0,0,0,0,0,0,0,0,0,0,0,0,0,0,0,0
K000215,0,,,0,0,0,0,0,0,0,0,0,0,0,0,0,0,0,0,0,0,0,0,0
K000216,0,,,0,0,0,0,0,0,0,0,0,0,0,0,0,0,0,0,0,0,0,0,0
K000217,155692,,,0,0,0,0,0,0,0,0,0,0,0,0,0,0,0,0,0,0,0,0,0
K000218,0,,,0,0,0,0,0,0,0,0,0,0,0,0,0,0,0,0,0,0,0,0,0
K000219,0,,,0,0,0,0,0,0,0,0,0,0,0,0,0,0,0,0,0,0,0,0,0
K000220,187491,134848,,0,0,0,0,0,0,0,0,0,0,0,0,0,0,0,0,0,0,0,0,0
K000221,0,0,,0,0,0,0,0,0,0,0,0,0,0,0,0,0,0,0,0,0,0,0,0
K000222,0,0,,0,0,0,0,0,0,0,0,0,0,0,0,0,0,0,0,0,0,0,0,0
K000223,138175,99378,,0,0,0,0,0,0,0,0,0,0,0,0,0,0,0,0,0,0,0,0,0
K000224,0,0,,0,0,0,0,0,0,0,0,0,0,0,0,0,0,0,0,0,0,0,0,0
K000225,0,0,,0,0,0,0,0,0,0,0,0,0,0,0,0,0,0,0,0,0,0,0,0
K000226,175144,125967,,0,0,0,0,0,0,0,0,0,0,0,0,0,0,0,0,0,0,0,0,0
K000227,0,0,,0,0,0,0,0,0,0,0,0,0,0,0,0,0,0,0,0,0,0,0,0
K000228,0,0,,0,0,0,0,0,0,0,0,0,0,0,0,0,0,0,0,0,0,0,0,0
K000229,119672,86071,,0,0,0,0,0,0,0,0,0,0,0,0,0,0,0,0,0,0,0,0,0
K000230,0,0,,0,0,0,0,0,0,0,0,0,0,0,0,0,0,0,0,0,0,0,0,0
K000231,0,0,,0,0,0,0,0,0,0,0,0,0,0,0,0,0,0,0,0,0,0,0,0
K000232,119672,86071,,0,0,0,0,0,0,0,0,0,0,0,0,0,0,0,0,0,0,0,0,0
K000233,0,0,,0,0,0,0,0,0,0,0,0,0,0,0,0,0,0,0,0,0,0,0,0
K000234,0,0,,0,0,0,0,0,0,0,0,0,0,0,0,0,0,0,0,0,0,0,0,0
K000235,233749,168117,,0,0,0,0,0,0,0,0,0,0,0,0,0,0,0,0,0,0,0,0,0
K000236,0,0,,0,0,0,0,0,0,0,0,0,0,0,0,0,0,0,0,0,0,0,0,0
K000237,0,0,,0,0,0,0,0,0,0,0,0,0,0,0,0,0,0,0,0,0,0,0,0
K000238,212784,153038,,0,0,0,0,0,0,0,0,0,0,0,0,0,0,0,0,0,0,0,0,0
K000239,0,0,,0,0,0,0,0,0,0,0,0,0,0,0,0,0,0,0,0,0,0,0,0
K000240,0,0,,0,0,0,0,0,0,0,0,0,0,0,0,0,0,0,0,0,0,0,0,0
K000241,156678,112686,,0,0,0,0,0,0,0,0,0,0,0,0,0,0,0,0,0,0,0,0,0
K000242,0,0,,0,0,0,0,0,0,0,0,0,0,0,0,0,0,0,0,0,0,0,0,0
K000243,0,0,,0,0,0,0,0,0,0,0,0,0,0,0,0,0,0,0,0,0,0,0,0
K000244,176822,127174,,0,0,0,0,0,0,0,0,0,0,0,0,0,0,0,0,0,0,0,0,0
K000245,0,0,,0,0,0,0,0,0,0,0,0,0,0,0,0,0,0,0,0,0,0,0,0
K000246,0,0,,0,0,0,0,0,0,0,0,0,0,0,0,0,0,0,0,0,0,0,0,0
K000247,74422,53526,,0,0,0,0,0,0,0,0,0,0,0,0,0,0,0,0,0,0,0,0,0
K000248,0,0,,0,0,0,0,0,0,0,0,0,0,0,0,0,0,0,0,0,0,0,0,0
K000249,0,0,,0,0,0,0,0,0,0,0,0,0,0,0,0,0,0,0,0,0,0,0,0
K000250,71624,51514,,0,0,0,0,0,0,0,0,0,0,0,0,0,0,0,0,0,0,0,0,0
K000251,0,0,,0,0,0,0,0,0,0,0,0,0,0,0,0,0,0,0,0,0,0,0,0
K000252,0,0,,0,0,0,0,0,0,0,0,0,0,0,0,0,0,0,0,0,0,0,0,0
K000253,80018,57550,,0,0,0,0,0,0,0,0,0,0,0,0,0,0,0,0,0,0,0,0,0
K000254,0,0,,0,0,0,0,0,0,0,0,0,0,0,0,0,0,0,0,0,0,0,0,0
K000255,0,0,,0,0,0,0,0,0,0,0,0,0,0,0,0,0,0,0,0,0,0,0,0
K000256,77220,55538,,0,0,0,0,0,0,0,0,0,0,0,0,0,0,0,0,0,0,0,0,0
K000257,0,0,,0,0,0,0,0,0,0,0,0,0,0,0,0,0,0,0,0,0,0,0,0
K000258,0,0,,0,0,0,0,0,0,0,0,0,0,0,0,0,0,0,0,0,0,0,0,0
K000259,74422,53526,,0,0,0,0,0,0,0,0,0,0,0,0,0,0,0,0,0,0,0,0,0
K000260,0,0,,0,0,0,0,0,0,0,0,0,0,0,0,0,0,0,0,0,0,0,0,0
K000261,0,0,,0,0,0,0,0,0,0,0,0,0,0,0,0,0,0,0,0,0,0,0,0
K000262,88598,63721,,0,0,0,0,0,0,0,0,0,0,0,0,0,0,0,0,0,0,0,0,0
K000263,0,0,,0,0,0,0,0,0,0,0,0,0,0,0,0,0,0,0,0,0,0,0,0
K000264,0,0,,0,0,0,0,0,0,0,0,0,0,0,0,0,0,0,0,0,0,0,0,0
K000265,71624,51514,,0,0,0,0,0,0,0,0,0,0,0,0,0,0,0,0,0,0,0,0,0
K000266,0,0,,0,0,0,0,0,0,0,0,0,0,0,0,0,0,0,0,0,0,0,0,0
K000267,0,0,,0,0,0,0,0,0,0,0,0,0,0,0,0,0,0,0,0,0,0,0,0
K000268,74422,53526,,0,0,0,0,0,0,0,0,0,0,0,0,0,0,0,0,0,0,0,0,0
K000269,0,0,,0,0,0,0,0,0,0,0,0,0,0,0,0,0,0,0,0,0,0,0,0
K000270,0,0,,0,0,0,0,0,0,0,0,0,0,0,0,0,0,0,0,0,0,0,0,0
K000271,74422,53526,,0,0,0,0,0,0,0,0,0,0,0,0,0,0,0,0,0,0,0,0,0
K000272,0,0,,0,0,0,0,0,0,0,0,0,0,0,0,0,0,0,0,0,0,0,0,0
K000273,0,0,,0,0,0,0,0,0,0,0,0,0,0,0,0,0,0,0,0,0,0,0,0
K000274,59127,42526,,0,0,0,0,0,0,0,0,0,0,0,0,0,0,0,0,0,0,0,0,0
K000275,0,0,,0,0,0,0,0,0,0,0,0,0,0,0,0,0,0,0,0,0,0,0,0
K000276,0,0,,0,0,0,0,0,0,0,0,0,0,0,0,0,0,0,0,0,0,0,0,0
K000277,59127,42526,,0,0,0,0,0,0,0,0,0,0,0,0,0,0,0,0,0,0,0,0,0
K000278,0,0,,0,0,0,0,0,0,0,0,0,0,0,0,0,0,0,0,0,0,0,0,0
K000279,0,0,,0,0,0,0,0,0,0,0,0,0,0,0,0,0,0,0,0,0,0,0,0
K000280,59127,42526,,0,0,0,0,0,0,0,0,0,0,0,0,0,0,0,0,0,0,0,0,0
K000281,0,0,,0,0,0,0,0,0,0,0,0,0,0,0,0,0,0,0,0,0,0,0,0
K000282,0,0,,0,0,0,0,0,0,0,0,0,0,0,0,0,0,0,0,0,0,0,0,0
K000283,74422,53526,,0,0,0,0,0,0,0,0,0,0,0,0,0,0,0,0,0,0,0,0,0
K000284,0,0,,0,0,0,0,0,0,0,0,0,0,0,0,0,0,0,0,0,0,0,0,0
K000285,0,0,,0,0,0,0,0,0,0,0,0,0,0,0,0,0,0,0,0,0,0,0,0
K000286,88598,63721,,0,0,0,0,0,0,0,0,0,0,0,0,0,0,0,0,0,0,0,0,0
K000287,0,0,,0,0,0,0,0,0,0,0,0,0,0,0,0,0,0,0,0,0,0,0,0
K000288,0,0,,0,0,0,0,0,0,0,0,0,0,0,0,0,0,0,0,0,0,0,0,0
K000289,71624,51514,,0,0,0,0,0,0,0,0,0,0,0,0,0,0,0,0,0,0,0,0,0
K000290,0,0,,0,0,0,0,0,0,0,0,0,0,0,0,0,0,0,0,0,0,0,0,0
K000291,0,0,,0,0,0,0,0,0,0,0,0,0,0,0,0,0,0,0,0,0,0,0,0
K000292,80018,57550,,0,0,0,0,0,0,0,0,0,0,0,0,0,0,0,0,0,0,0,0,0
K000293,0,0,,0,0,0,0,0,0,0,0,0,0,0,0,0,0,0,0,0,0,0,0,0
K000294,0,0,,0,0,0,0,0,0,0,0,0,0,0,0,0,0,0,0,0,0,0,0,0
K000295,74422,53526,,0,0,0,0,0,0,0,0,0,0,0,0,0,0,0,0,0,0,0,0,0
K000296,0,0,,0,0,0,0,0,0,0,0,0,0,0,0,0,0,0,0,0,0,0,0,0
K000297,0,0,,0,0,0,0,0,0,0,0,0,0,0,0,0,0,0,0,0,0,0,0,0
K000298,86732,62380,,0,0,0,0,0,0,0,0,0,0,0,0,0,0,0,0,0,0,0,0,0
K000299,0,0,,0,0,0,0,0,0,0,0,0,0,0,0,0,0,0,0,0,0,0,0,0
K000300,0,0,,0,0,0,0,0,0,0,0,0,0,0,0,0,0,0,0,0,0,0,0,0
K000301,97924,70429,,0,0,0,0,0,0,0,0,0,0,0,0,0,0,0,0,0,0,0,0,0
K000302,0,0,,0,0,0,0,0,0,0,0,0,0,0,0,0,0,0,0,0,0,0,0,0
K000303,0,0,,0,0,0,0,0,0,0,0,0,0,0,0,0,0,0,0,0,0,0,0,0
K000304,49615,35684,,0,0,0,0,0,0,0,0,0,0,0,0,0,0,0,0,0,0,0,0,0
K000305,0,0,,0,0,0,0,0,0,0,0,0,0,0,0,0,0,0,0,0,0,0,0,0
K000306,0,0,,0,0,0,0,0,0,0,0,0,0,0,0,0,0,0,0,0,0,0,0,0
K000307,40475,29111,,0,0,0,0,0,0,0,0,0,0,0,0,0,0,0,0,0,0,0,0,0
K000308,0,0,,0,0,0,0,0,0,0,0,0,0,0,0,0,0,0,0,0,0,0,0,0
K000309,0,0,,0,0,0,0,0,0,0,0,0,0,0,0,0,0,0,0,0,0,0,0,0
K000310,43646,31391,,0,0,0,0,0,0,0,0,0,0,0,0,0,0,0,0,0,0,0,0,0
K000311,0,0,,0,0,0,0,0,0,0,0,0,0,0,0,0,0,0,0,0,0,0,0,0
K000312,0,0,,0,0,0,0,0,0,0,0,0,0,0,0,0,0,0,0,0,0,0,0,0
K000313,21636,15561,,0,0,0,0,0,0,0,0,0,0,0,0,0,0,0,0,0,0,0,0,0
K000314,0,0,,0,0,0,0,0,0,0,0,0,0,0,0,0,0,0,0,0,0,0,0,0
K000315,0,0,,0,0,0,0,0,0,0,0,0,0,0,0,0,0,0,0,0,0,0,0,0
K000316,32082,23074,,0,0,0,0,0,0,0,0,0,0,0,0,0,0,0,0,0,0,0,0,0
K000317,0,0,,0,0,0,0,0,0,0,0,0,0,0,0,0,0,0,0,0,0,0,0,0
K000318,0,0,,0,0,0,0,0,0,0,0,0,0,0,0,0,0,0,0,0,0,0,0,0
K000319,32641,23476,,0,0,0,0,0,0,0,0,0,0,0,0,0,0,0,0,0,0,0,0,0
K000320,0,0,,0,0,0,0,0,0,0,0,0,0,0,0,0,0,0,0,0,0,0,0,0
K000321,0,0,,0,0,0,0,0,0,0,0,0,0,0,0,0,0,0,0,0,0,0,0,0
K000322,22942,16500,,0,0,0,0,0,0,0,0,0,0,0,0,0,0,0,0,0,0,0,0,0
K000323,0,0,,0,0,0,0,0,0,0,0,0,0,0,0,0,0,0,0,0,0,0,0,0
K000324,0,0,,0,0,0,0,0,0,0,0,0,0,0,0,0,0,0,0,0,0,0,0,0
K000325,59314,42660,,0,0,0,0,0,0,0,0,0,0,0,0,0,0,0,0,0,0,0,0,0
K000326,0,0,,0,0,0,0,0,0,0,0,0,0,0,0,0,0,0,0,0,0,0,0,0
K000327,0,0,,0,0,0,0,0,0,0,0,0,0,0,0,0,0,0,0,0,0,0,0,0
K000328,64536,46416,,0,0,0,0,0,0,0,0,0,0,0,0,0,0,0,0,0,0,0,0,0
K000329,0,0,,0,0,0,0,0,0,0,0,0,0,0,0,0,0,0,0,0,0,0,0,0
K000330,0,0,,0,0,0,0,0,0,0,0,0,0,0,0,0,0,0,0,0,0,0,0,0
K000331,23688,17037,,0,0,0,0,0,0,0,0,0,0,0,0,0,0,0,0,0,0,0,0,0
K000332,0,0,,0,0,0,0,0,0,0,0,0,0,0,0,0,0,0,0,0,0,0,0,0
K000333,0,0,,0,0,0,0,0,0,0,0,0,0,0,0,0,0,0,0,0,0,0,0,0
K000334,62112,44672,,0,0,0,0,0,0,0,0,0,0,0,0,0,0,0,0,0,0,0,0,0
K000335,0,0,,0,0,0,0,0,0,0,0,0,0,0,0,0,0,0,0,0,0,0,0,0
K000336,0,0,,0,0,0,0,0,0,0,0,0,0,0,0,0,0,0,0,0,0,0,0,0
K000337,64536,46416,,0,0,0,0,0,0,0,0,0,0,0,0,0,0,0,0,0,0,0,0,0
K000338,0,0,,0,0,0,0,0,0,0,0,0,0,0,0,0,0,0,0,0,0,0,0,0
K000339,0,0,,0,0,0,0,0,0,0,0,0,0,0,0,0,0,0,0,0,0,0,0,0
K000340,29284,21062,,0,0,0,0,0,0,0,0,0,0,0,0,0,0,0,0,0,0,0,0,0
K000341,0,0,,0,0,0,0,0,0,0,0,0,0,0,0,0,0,0,0,0,0,0,0,0
K000342,0,0,,0,0,0,0,0,0,0,0,0,0,0,0,0,0,0,0,0,0,0,0,0
K000343,33387,24013,,0,0,0,0,0,0,0,0,0,0,0,0,0,0,0,0,0,0,0,0,0
K000344,0,0,,0,0,0,0,0,0,0,0,0,0,0,0,0,0,0,0,0,0,0,0,0
K000345,0,0,,0,0,0,0,0,0,0,0,0,0,0,0,0,0,0,0,0,0,0,0,0
K000346,60619,43599,,0,0,0,0,0,0,0,0,0,0,0,0,0,0,0,0,0,0,0,0,0
K000347,0,0,,0,0,0,0,0,0,0,0,0,0,0,0,0,0,0,0,0,0,0,0,0
K000348,0,0,,0,0,0,0,0,0,0,0,0,0,0,0,0,0,0,0,0,0,0,0,0
K000349,50547,36355,,0,0,0,0,0,0,0,0,0,0,0,0,0,0,0,0,0,0,0,0,0
K000350,0,0,,0,0,0,0,0,0,0,0,0,0,0,0,0,0,0,0,0,0,0,0,0
K000351,0,0,,0,0,0,0,0,0,0,0,0,0,0,0,0,0,0,0,0,0,0,0,0
K000352,50361,36221,,0,0,0,0,0,0,0,0,0,0,0,0,0,0,0,0,0,0,0,0,0
K000353,0,0,,0,0,0,0,0,0,0,0,0,0,0,0,0,0,0,0,0,0,0,0,0
K000354,0,0,,0,0,0,0,0,0,0,0,0,0,0,0,0,0,0,0,0,0,0,0,0
K000355,21450,15427,,0,0,0,0,0,0,0,0,0,0,0,0,0,0,0,0,0,0,0,0,0
K000356,0,0,,0,0,0,0,0,0,0,0,0,0,0,0,0,0,0,0,0,0,0,0,0
K000357,0,0,,0,0,0,0,0,0,0,0,0,0,0,0,0,0,0,0,0,0,0,0,0
K000358,40289,28976,,0,0,0,0,0,0,0,0,0,0,0,0,0,0,0,0,0,0,0,0,0
K000359,0,0,,0,0,0,0,0,0,0,0,0,0,0,0,0,0,0,0,0,0,0,0,0
K000360,0,0,,0,0,0,0,0,0,0,0,0,0,0,0,0,0,0,0,0,0,0,0,0
K000361,83002,59697,,0,0,0,0,0,0,0,0,0,0,0,0,0,0,0,0,0,0,0,0,0
K000362,0,0,,0,0,0,0,0,0,0,0,0,0,0,0,0,0,0,0,0,0,0,0,0
K000363,0,0,,0,0,0,0,0,0,0,0,0,0,0,0,0,0,0,0,0,0,0,0,0
K000364,23278,16742,,0,0,0,0,0,0,0,0,0,0,0,0,0,0,0,0,0,0,0,0,0
K000365,0,0,,0,0,0,0,0,0,0,0,0,0,0,0,0,0,0,0,0,0,0,0,0
K000366,0,0,,0,0,0,0,0,0,0,0,0,0,0,0,0,0,0,0,0,0,0,0,0
K000367,37006,26615,,0,0,0,0,0,0,0,0,0,0,0,0,0,0,0,0,0,0,0,0,0
K000368,0,0,,0,0,0,0,0,0,0,0,0,0,0,0,0,0,0,0,0,0,0,0,0
K000369,0,0,,0,0,0,0,0,0,0,0,0,0,0,0,0,0,0,0,0,0,0,0,0
K000370,13057,9391,,0,0,0,0,0,0,0,0,0,0,0,0,0,0,0,0,0,0,0,0,0
K000371,0,0,,0,0,0,0,0,0,0,0,0,0,0,0,0,0,0,0,0,0,0,0,0
K000372,0,0,,0,0,0,0,0,0,0,0,0,0,0,0,0,0,0,0,0,0,0,0,0
K000373,58568,42123,,0,0,0,0,0,0,0,0,0,0,0,0,0,0,0,0,0,0,0,0,0
K000374,0,0,,0,0,0,0,0,0,0,0,0,0,0,0,0,0,0,0,0,0,0,0,0
K000375,0,0,,0,0,0,0,0,0,0,0,0,0,0,0,0,0,0,0,0,0,0,0,0
K000376,39916,28708,,0,0,0,0,0,0,0,0,0,0,0,0,0,0,0,0,0,0,0,0,0
K000377,0,0,,0,0,0,0,0,0,0,0,0,0,0,0,0,0,0,0,0,0,0,0,0
K000378,0,0,,0,0,0,0,0,0,0,0,0,0,0,0,0,0,0,0,0,0,0,0,0
K000379,32455,23342,,0,0,0,0,0,0,0,0,0,0,0,0,0,0,0,0,0,0,0,0,0
K000380,0,0,,0,0,0,0,0,0,0,0,0,0,0,0,0,0,0,0,0,0,0,0,0
K000381,0,0,,0,0,0,0,0,0,0,0,0,0,0,0,0,0,0,0,0,0,0,0,0
GE00001,25871,18477,,0,0,0,0,0,0,0,0,0,0,0,0,0,0,0,0,0,0,0,0,0
GE00002,0,,,0,0,0,0,0,0,0,0,0,0,0,0,0,0,0,0,0,0,0,0,0
GE00003,20697,14782,,0,0,0,0,0,0,0,0,0,0,0,0,0,0,0,0,0,0,0,0,0
GE00004,0,,,0,0,0,0,0,0,0,0,0,0,0,0,0,0,0,0,0,0,0,0,0
GE00005,21054,15037,,0,0,0,0,0,0,0,0,0,0,0,0,0,0,0,0,0,0,0,0,0
GE00006,0,,,0,0,0,0,0,0,0,0,0,0,0,0,0,0,0,0,0,0,0,0,0
GE00007,13917,9940,,0,0,0,0,0,0,0,0,0,0,0,0,0,0,0,0,0,0,0,0,0
GE00008,0,,,0,0,0,0,0,0,0,0,0,0,0,0,0,0,0,0,0,0,0,0,0
GE00009,25871,18477,,0,0,0,0,0,0,0,0,0,0,0,0,0,0,0,0,0,0,0,0,0
GE00010,0,,,0,0,0,0,0,0,0,0,0,0,0,0,0,0,0,0,0,0,0,0,0
GE00011,10348,7391,,0,0,0,0,0,0,0,0,0,0,0,0,0,0,0,0,0,0,0,0,0
GE00012,0,,,0,0,0,0,0,0,0,0,0,0,0,0,0,0,0,0,0,0,0,0,0
GE00013,17842,12743,,0,0,0,0,0,0,0,0,0,0,0,0,0,0,0,0,0,0,0,0,0
GE00014,0,,,0,0,0,0,0,0,0,0,0,0,0,0,0,0,0,0,0,0,0,0,0
GE00015,9992,7136,,0,0,0,0,0,0,0,0,0,0,0,0,0,0,0,0,0,0,0,0,0
GE00016,0,,,0,0,0,0,0,0,0,0,0,0,0,0,0,0,0,0,0,0,0,0,0
GE00017,24622,17585,,0,0,0,0,0,0,0,0,0,0,0,0,0,0,0,0,0,0,0,0,0
GE00018,0,,,0,0,0,0,0,0,0,0,0,0,0,0,0,0,0,0,0,0,0,0,0
GE00019,13560,9685,,0,0,0,0,0,0,0,0,0,0,0,0,0,0,0,0,0,0,0,0,0
GE00020,0,,,0,0,0,0,0,0,0,0,0,0,0,0,0,0,0,0,0,0,0,0,0
GE00021,18913,13508,,0,0,0,0,0,0,0,0,0,0,0,0,0,0,0,0,0,0,0,0,0
GE00022,0,0,,0,0,0,0,0,0,0,0,0,0,0,0,0,0,0,0,0,0,0,0,0
GE00023,38646,27601,,0,0,0,0,0,0,0,0,0,0,0,0,0,0,0,0,0,0,0,0,0
GE00024,38646,27601,,0,0,0,0,0,0,0,0,0,0,0,0,0,0,0,0,0,0,0,0,0
GE00025,13203,9430,,0,0,0,0,0,0,0,0,0,0,0,0,0,0,0,0,0,0,0,0,0
GE00026,13203,9430,,0,0,0,0,0,0,0,0,0,0,0,0,0,0,0,0,0,0,0,0,0
GE00027,16236,11596,,0,0,0,0,0,0,0,0,0,0,0,0,0,0,0,0,0,0,0,0,0
GE00028,16236,11596,,0,0,0,0,0,0,0,0,0,0,0,0,0,0,0,0,0,0,0,0,0
GE00029,10348,7391,,0,0,0,0,0,0,0,0,0,0,0,0,0,0,0,0,0,0,0,0,0
GE00030,10348,7391,,0,0,0,0,0,0,0,0,0,0,0,0,0,0,0,0,0,0,0,0,0
GE00031,11776,8410,,0,0,0,0,0,0,0,0,0,0,0,0,0,0,0,0,0,0,0,0,0
GE00032,11776,8410,,0,0,0,0,0,0,0,0,0,0,0,0,0,0,0,0,0,0,0,0,0
GE00033,11776,8410,,0,0,0,0,0,0,0,0,0,0,0,0,0,0,0,0,0,0,0,0,0
GE00034,11776,8410,,0,0,0,0,0,0,0,0,0,0,0,0,0,0,0,0,0,0,0,0,0
GE00035,13203,9430,,0,0,0,0,0,0,0,0,0,0,0,0,0,0,0,0,0,0,0,0,0
GE00036,13203,9430,,0,0,0,0,0,0,0,0,0,0,0,0,0,0,0,0,0,0,0,0,0
GE00037,16236,11596,,0,0,0,0,0,0,0,0,0,0,0,0,0,0,0,0,0,0,0,0,0
GE00038,16236,11596,,0,0,0,0,0,0,0,0,0,0,0,0,0,0,0,0,0,0,0,0,0
GE00039,14809,10577,,0,0,0,0,0,0,0,0,0,0,0,0,0,0,0,0,0,0,0,0,0
GE00040,14809,10577,,0,0,0,0,0,0,0,0,0,0,0,0,0,0,0,0,0,0,0,0,0
GE00041,23552,16821,,0,0,0,0,0,0,0,0,0,0,0,0,0,0,0,0,0,0,0,0,0
GE00042,23552,16821,,0,0,0,0,0,0,0,0,0,0,0,0,0,0,0,0,0,0,0,0,0
GE00043,13274,9481,,0,0,0,0,0,0,0,0,0,0,0,0,0,0,0,0,0,0,0,0,0
GE00044,13274,9481,,0,0,0,0,0,0,0,0,0,0,0,0,0,0,0,0,0,0,0,0,0
GE00045,19269,13762,,0,0,0,0,0,0,0,0,0,0,0,0,0,0,0,0,0,0,0,0,0
GE00046,19269,13762,,0,0,0,0,0,0,0,0,0,0,0,0,0,0,0,0,0,0,0,0,0
GE00047,28547,20389,,0,0,0,0,0,0,0,0,0,0,0,0,0,0,0,0,0,0,0,0,0
GE00048,28547,20389,,0,0,0,0,0,0,0,0,0,0,0,0,0,0,0,0,0,0,0,0,0
GE00049,17664,12616,,0,0,0,0,0,0,0,0,0,0,0,0,0,0,0,0,0,0,0,0,0
GE00050,17664,12616,,0,0,0,0,0,0,0,0,0,0,0,0,0,0,0,0,0,0,0,0,0
GE00051,16772,11978,,0,0,0,0,0,0,0,0,0,0,0,0,0,0,0,0,0,0,0,0,0
GE00052,16772,11978,,0,0,0,0,0,0,0,0,0,0,0,0,0,0,0,0,0,0,0,0,0
GE00053,14809,10577,,0,0,0,0,0,0,0,0,0,0,0,0,0,0,0,0,0,0,0,0,0
GE00054,14809,10577,,0,0,0,0,0,0,0,0,0,0,0,0,0,0,0,0,0,0,0,0,0
GE00055,9456,6754,,0,0,0,0,0,0,0,0,0,0,0,0,0,0,0,0,0,0,0,0,0
GE00056,9456,6754,,0,0,0,0,0,0,0,0,0,0,0,0,0,0,0,0,0,0,0,0,0
GE00057,8564,6117,,0,0,0,0,0,0,0,0,0,0,0,0,0,0,0,0,0,0,0,0,0
GE00058,8564,6117,,0,0,0,0,0,0,0,0,0,0,0,0,0,0,0,0,0,0,0,0,0
GE00059,7494,5352,,0,0,0,0,0,0,0,0,0,0,0,0,0,0,0,0,0,0,0,0,0
GE00060,7494,5352,,0,0,0,0,0,0,0,0,0,0,0,0,0,0,0,0,0,0,0,0,0
GE00061,15701,11214,,0,0,0,0,0,0,0,0,0,0,0,0,0,0,0,0,0,0,0,0,0
GE00062,15701,11214,,0,0,0,0,0,0,0,0,0,0,0,0,0,0,0,0,0,0,0,0,0
GE00063,30974,22122,,0,0,0,0,0,0,0,0,0,0,0,0,0,0,0,0,0,0,0,0,0
GE00064,30974,22122,,0,0,0,0,0,0,0,0,0,0,0,0,0,0,0,0,0,0,0,0,0
GE00065,30974,22122,,0,0,0,0,0,0,0,0,0,0,0,0,0,0,0,0,0,0,0,0,0
GE00066,30974,22122,,0,0,0,0,0,0,0,0,0,0,0,0,0,0,0,0,0,0,0,0,0
GE00067,33900,24212,,0,0,0,0,0,0,0,0,0,0,0,0,0,0,0,0,0,0,0,0,0
GE00068,33900,24212,,0,0,0,0,0,0,0,0,0,0,0,0,0,0,0,0,0,0,0,0,0
GE00069,45140,32240,,0,0,0,0,0,0,0,0,0,0,0,0,0,0,0,0,0,0,0,0,0
GE00070,45140,32240,,0,0,0,0,0,0,0,0,0,0,0,0,0,0,0,0,0,0,0,0,0
GE00071,22124,15801,,0,0,0,0,0,0,0,0,0,0,0,0,0,0,0,0,0,0,0,0,0
GE00072,22124,15801,,0,0,0,0,0,0,0,0,0,0,0,0,0,0,0,0,0,0,0,0,0
GE00073,13203,9430,,0,0,0,0,0,0,0,0,0,0,0,0,0,0,0,0,0,0,0,0,0
GE00074,13203,9430,,0,0,0,0,0,0,0,0,0,0,0,0,0,0,0,0,0,0,0,0,0
GE00075,27655,19752,,0,0,0,0,0,0,0,0,0,0,0,0,0,0,0,0,0,0,0,0,0
GE00076,27655,19752,,0,0,0,0,0,0,0,0,0,0,0,0,0,0,0,0,0,0,0,0,0
GE00077,23552,16821,,0,0,0,0,0,0,0,0,0,0,0,0,0,0,0,0,0,0,0,0,0
GE00078,23552,16821,,0,0,0,0,0,0,0,0,0,0,0,0,0,0,0,0,0,0,0,0,0
GE00079,11597,8283,,0,0,0,0,0,0,0,0,0,0,0,0,0,0,0,0,0,0,0,0,0
GE00080,11597,8283,,0,0,0,0,0,0,0,0,0,0,0,0,0,0,0,0,0,0,0,0,0
GE00081,15701,11214,,0,0,0,0,0,0,0,0,0,0,0,0,0,0,0,0,0,0,0,0,0
GE00082,15701,11214,,0,0,0,0,0,0,0,0,0,0,0,0,0,0,0,0,0,0,0,0,0
GE00083,17307,12361,,0,0,0,0,0,0,0,0,0,0,0,0,0,0,0,0,0,0,0,0,0
GE00084,17307,12361,,0,0,0,0,0,0,0,0,0,0,0,0,0,0,0,0,0,0,0,0,0
GE00085,21232,15164,,0,0,0,0,0,0,0,0,0,0,0,0,0,0,0,0,0,0,0,0,0
GE00086,21232,15164,,0,0,0,0,0,0,0,0,0,0,0,0,0,0,0,0,0,0,0,0,0
GE00087,7315,5225,,0,0,0,0,0,0,0,0,0,0,0,0,0,0,0,0,0,0,0,0,0
GE00088,7315,5225,,0,0,0,0,0,0,0,0,0,0,0,0,0,0,0,0,0,0,0,0,0
GE00089,6780,4842,,0,0,0,0,0,0,0,0,0,0,0,0,0,0,0,0,0,0,0,0,0
GE00090,6780,4842,,0,0,0,0,0,0,0,0,0,0,0,0,0,0,0,0,0,0,0,0,0
GE00091,13596,9710,,0,0,0,0,0,0,0,0,0,0,0,0,0,0,0,0,0,0,0,0,0
GE00092,13596,9710,,0,0,0,0,0,0,0,0,0,0,0,0,0,0,0,0,0,0,0,0,0
GE00093,5888,4205,,0,0,0,0,0,0,0,0,0,0,0,0,0,0,0,0,0,0,0,0,0
GE00094,5888,4205,,0,0,0,0,0,0,0,0,0,0,0,0,0,0,0,0,0,0,0,0,0
GE00095,13738,9812,,0,0,0,0,0,0,0,0,0,0,0,0,0,0,0,0,0,0,0,0,0
GE00096,13738,9812,,0,0,0,0,0,0,0,0,0,0,0,0,0,0,0,0,0,0,0,0,0
GE00097,16236,11596,,0,0,0,0,0,0,0,0,0,0,0,0,0,0,0,0,0,0,0,0,0
GE00098,16236,11596,,0,0,0,0,0,0,0,0,0,0,0,0,0,0,0,0,0,0,0,0,0
GE00099,15772,11265,,0,0,0,0,0,0,0,0,0,0,0,0,0,0,0,0,0,0,0,0,0
GE00100,15772,11265,,0,0,0,0,0,0,0,0,0,0,0,0,0,0,0,0,0,0,0,0,0
GE00101,22124,15801,,0,0,0,0,0,0,0,0,0,0,0,0,0,0,0,0,0,0,0,0,0
GE00102,22124,15801,,0,0,0,0,0,0,0,0,0,0,0,0,0,0,0,0,0,0,0,0,0
GE00103,12846,9175,,0,0,0,0,0,0,0,0,0,0,0,0,0,0,0,0,0,0,0,0,0
GE00104,12846,9175,,0,0,0,0,0,0,0,0,0,0,0,0,0,0,0,0,0,0,0,0,0
GE00105,21589,15419,,0,0,0,0,0,0,0,0,0,0,0,0,0,0,0,0,0,0,0,0,0
GE00106,21589,15419,,0,0,0,0,0,0,0,0,0,0,0,0,0,0,0,0,0,0,0,0,0
GE00107,17485,12488,,0,0,0,0,0,0,0,0,0,0,0,0,0,0,0,0,0,0,0,0,0
GE00108,17485,12488,,0,0,0,0,0,0,0,0,0,0,0,0,0,0,0,0,0,0,0,0,0
GE00109,21767,15546,,0,0,0,0,0,0,0,0,0,0,0,0,0,0,0,0,0,0,0,0,0
GE00110,21767,15546,,0,0,0,0,0,0,0,0,0,0,0,0,0,0,0,0,0,0,0,0,0
GE00111,17664,12616,,0,0,0,0,0,0,0,0,0,0,0,0,0,0,0,0,0,0,0,0,0
GE00112,17664,12616,,0,0,0,0,0,0,0,0,0,0,0,0,0,0,0,0,0,0,0,0,0
GE00113,15594,11137,,0,0,0,0,0,0,0,0,0,0,0,0,0,0,0,0,0,0,0,0,0
GE00114,15594,11137,,0,0,0,0,0,0,0,0,0,0,0,0,0,0,0,0,0,0,0,0,0
GE00115,23016,16438,,0,0,0,0,0,0,0,0,0,0,0,0,0,0,0,0,0,0,0,0,0
GE00116,23016,16438,,0,0,0,0,0,0,0,0,0,0,0,0,0,0,0,0,0,0,0,0,0
GE00117,15879,11341,,0,0,0,0,0,0,0,0,0,0,0,0,0,0,0,0,0,0,0,0,0
GE00118,15879,11341,,0,0,0,0,0,0,0,0,0,0,0,0,0,0,0,0,0,0,0,0,0
GE00119,15344,10959,,0,0,0,0,0,0,0,0,0,0,0,0,0,0,0,0,0,0,0,0,0
GE00120,15344,10959,,0,0,0,0,0,0,0,0,0,0,0,0,0,0,0,0,0,0,0,0,0
GE00121,14987,10704,,0,0,0,0,0,0,0,0,0,0,0,0,0,0,0,0,0,0,0,0,0
GE00122,14987,10704,,0,0,0,0,0,0,0,0,0,0,0,0,0,0,0,0,0,0,0,0,0
GE00123,17842,12743,,0,0,0,0,0,0,0,0,0,0,0,0,0,0,0,0,0,0,0,0,0
GE00124,17842,12743,,0,0,0,0,0,0,0,0,0,0,0,0,0,0,0,0,0,0,0,0,0
GE00125,12133,8665,,0,0,0,0,0,0,0,0,0,0,0,0,0,0,0,0,0,0,0,0,0
GE00126,12133,8665,,0,0,0,0,0,0,0,0,0,0,0,0,0,0,0,0,0,0,0,0,0
GE00127,14987,10704,,0,0,0,0,0,0,0,0,0,0,0,0,0,0,0,0,0,0,0,0,0
GE00128,14987,10704,,0,0,0,0,0,0,0,0,0,0,0,0,0,0,0,0,0,0,0,0,0
GE00129,12489,8920,,0,0,0,0,0,0,0,0,0,0,0,0,0,0,0,0,0,0,0,0,0
GE00130,12489,8920,,0,0,0,0,0,0,0,0,0,0,0,0,0,0,0,0,0,0,0,0,0
GE00131,18734,13380,,0,0,0,0,0,0,0,0,0,0,0,0,0,0,0,0,0,0,0,0,0
GE00132,18734,13380,,0,0,0,0,0,0,0,0,0,0,0,0,0,0,0,0,0,0,0,0,0
GE00133,14274,10194,,0,0,0,0,0,0,0,0,0,0,0,0,0,0,0,0,0,0,0,0,0
GE00134,14274,10194,,0,0,0,0,0,0,0,0,0,0,0,0,0,0,0,0,0,0,0,0,0
GE00135,18913,13508,,0,0,0,0,0,0,0,0,0,0,0,0,0,0,0,0,0,0,0,0,0
GE00136,18913,13508,,0,0,0,0,0,0,0,0,0,0,0,0,0,0,0,0,0,0,0,0,0
GE00137,7851,5607,,0,0,0,0,0,0,0,0,0,0,0,0,0,0,0,0,0,0,0,0,0
GE00138,7851,5607,,0,0,0,0,0,0,0,0,0,0,0,0,0,0,0,0,0,0,0,0,0
GE00139,14274,10194,,0,0,0,0,0,0,0,0,0,0,0,0,0,0,0,0,0,0,0,0,0
GE00140,14274,10194,,0,0,0,0,0,0,0,0,0,0,0,0,0,0,0,0,0,0,0,0,0
GE00141,12489,8920,,0,0,0,0,0,0,0,0,0,0,0,0,0,0,0,0,0,0,0,0,0
GE00142,12489,8920,,0,0,0,0,0,0,0,0,0,0,0,0,0,0,0,0,0,0,0,0,0
GE00143,13560,9685,,0,0,0,0,0,0,0,0,0,0,0,0,0,0,0,0,0,0,0,0,0
GE00144,13560,9685,,0,0,0,0,0,0,0,0,0,0,0,0,0,0,0,0,0,0,0,0,0
GE00145,14274,10194,,0,0,0,0,0,0,0,0,0,0,0,0,0,0,0,0,0,0,0,0,0
GE00146,14274,10194,,0,0,0,0,0,0,0,0,0,0,0,0,0,0,0,0,0,0,0,0,0
GE00147,10705,7646,,0,0,0,0,0,0,0,0,0,0,0,0,0,0,0,0,0,0,0,0,0
GE00148,10705,7646,,0,0,0,0,0,0,0,0,0,0,0,0,0,0,0,0,0,0,0,0,0
GE00149,17842,12743,,0,0,0,0,0,0,0,0,0,0,0,0,0,0,0,0,0,0,0,0,0
GE00150,17842,12743,,0,0,0,0,0,0,0,0,0,0,0,0,0,0,0,0,0,0,0,0,0
GE00151,9278,6626,,0,0,0,0,0,0,0,0,0,0,0,0,0,0,0,0,0,0,0,0,0
GE00152,9278,6626,,0,0,0,0,0,0,0,0,0,0,0,0,0,0,0,0,0,0,0,0,0
GE00153,15344,10959,,0,0,0,0,0,0,0,0,0,0,0,0,0,0,0,0,0,0,0,0,0
GE00154,15344,10959,,0,0,0,0,0,0,0,0,0,0,0,0,0,0,0,0,0,0,0,0,0
GE00155,18556,13253,,0,0,0,0,0,0,0,0,0,0,0,0,0,0,0,0,0,0,0,0,0
GE00156,18556,13253,,0,0,0,0,0,0,0,0,0,0,0,0,0,0,0,0,0,0,0,0,0
GE00157,11062,7901,,0,0,0,0,0,0,0,0,0,0,0,0,0,0,0,0,0,0,0,0,0
GE00158,11062,7901,,0,0,0,0,0,0,0,0,0,0,0,0,0,0,0,0,0,0,0,0,0
GE00159,8029,5734,,0,0,0,0,0,0,0,0,0,0,0,0,0,0,0,0,0,0,0,0,0
GE00160,8029,5734,,0,0,0,0,0,0,0,0,0,0,0,0,0,0,0,0,0,0,0,0,0
GE00161,7851,5607,,0,0,0,0,0,0,0,0,0,0,0,0,0,0,0,0,0,0,0,0,0
GE00162,7851,5607,,0,0,0,0,0,0,0,0,0,0,0,0,0,0,0,0,0,0,0,0,0
GE00163,11419,8156,,0,0,0,0,0,0,0,0,0,0,0,0,0,0,0,0,0,0,0,0,0
GE00164,11419,8156,,0,0,0,0,0,0,0,0,0,0,0,0,0,0,0,0,0,0,0,0,0
GE00165,13917,9940,,0,0,0,0,0,0,0,0,0,0,0,0,0,0,0,0,0,0,0,0,0
GE00166,13917,9940,,0,0,0,0,0,0,0,0,0,0,0,0,0,0,0,0,0,0,0,0,0
GE00167,16236,11596,,0,0,0,0,0,0,0,0,0,0,0,0,0,0,0,0,0,0,0,0,0
GE00168,16236,11596,,0,0,0,0,0,0,0,0,0,0,0,0,0,0,0,0,0,0,0,0,0
GE00169,18199,12998,,0,0,0,0,0,0,0,0,0,0,0,0,0,0,0,0,0,0,0,0,0
GE00170,18199,12998,,0,0,0,0,0,0,0,0,0,0,0,0,0,0,0,0,0,0,0,0,0
GE00171,13025,9302,,0,0,0,0,0,0,0,0,0,0,0,0,0,0,0,0,0,0,0,0,0
GE00172,13025,9302,,0,0,0,0,0,0,0,0,0,0,0,0,0,0,0,0,0,0,0,0,0
GE00173,43891,31348,,0,0,0,0,0,0,0,0,0,0,0,0,0,0,0,0,0,0,0,0,0
GE00174,43891,31348,,0,0,0,0,0,0,0,0,0,0,0,0,0,0,0,0,0,0,0,0,0
GE00175,69227,49443,,0,0,0,0,0,0,0,0,0,0,0,0,0,0,0,0,0,0,0,0,0
GE00176,69227,49443,,0,0,0,0,0,0,0,0,0,0,0,0,0,0,0,0,0,0,0,0,0
GE00177,44248,31603,,0,0,0,0,0,0,0,0,0,0,0,0,0,0,0,0,0,0,0,0,0
GE00178,44248,31603,,0,0,0,0,0,0,0,0,0,0,0,0,0,0,0,0,0,0,0,0,0
GE00179,76721,54795,,0,0,0,0,0,0,0,0,0,0,0,0,0,0,0,0,0,0,0,0,0
GE00180,76721,54795,,0,0,0,0,0,0,0,0,0,0,0,0,0,0,0,0,0,0,0,0,0
GE00181,58879,42052,,0,0,0,0,0,0,0,0,0,0,0,0,0,0,0,0,0,0,0,0,0
GE00182,58879,42052,,0,0,0,0,0,0,0,0,0,0,0,0,0,0,0,0,0,0,0,0,0
GE00183,64053,45747,,0,0,0,0,0,0,0,0,0,0,0,0,0,0,0,0,0,0,0,0,0
GE00184,64053,45747,,0,0,0,0,0,0,0,0,0,0,0,0,0,0,0,0,0,0,0,0,0
GE00185,50136,35808,,0,0,0,0,0,0,0,0,0,0,0,0,0,0,0,0,0,0,0,0,0
GE00186,50136,35808,,0,0,0,0,0,0,0,0,0,0,0,0,0,0,0,0,0,0,0,0,0
GE00187,26549,18962,,0,0,0,0,0,0,0,0,0,0,0,0,0,0,0,0,0,0,0,0,0
GE00188,26549,18962,,0,0,0,0,0,0,0,0,0,0,0,0,0,0,0,0,0,0,0,0,0
GE00189,41287,29487,,0,0,0,0,0,0,0,0,0,0,0,0,0,0,0,0,0,0,0,0,0
GE00190,41287,29487,,0,0,0,0,0,0,0,0,0,0,0,0,0,0,0,0,0,0,0,0,0
GE00191,7672,5479,,0,0,0,0,0,0,0,0,0,0,0,0,0,0,0,0,0,0,0,0,0
GE00192,7672,5479,,0,0,0,0,0,0,0,0,0,0,0,0,0,0,0,0,0,0,0,0,0
GE00193,23552,16821,,0,0,0,0,0,0,0,0,0,0,0,0,0,0,0,0,0,0,0,0,0
GE00194,23552,16821,,0,0,0,0,0,0,0,0,0,0,0,0,0,0,0,0,0,0,0,0,0
GE00195,14809,10577,,0,0,0,0,0,0,0,0,0,0,0,0,0,0,0,0,0,0,0,0,0
GE00196,14809,10577,,0,0,0,0,0,0,0,0,0,0,0,0,0,0,0,0,0,0,0,0,0
GE00197,8921,6372,,0,0,0,0,0,0,0,0,0,0,0,0,0,0,0,0,0,0,0,0,0
GE00198,8921,6372,,0,0,0,0,0,0,0,0,0,0,0,0,0,0,0,0,0,0,0,0,0
GE00199,23016,16438,,0,0,0,0,0,0,0,0,0,0,0,0,0,0,0,0,0,0,0,0,0
GE00200,23016,16438,,0,0,0,0,0,0,0,0,0,0,0,0,0,0,0,0,0,0,0,0,0
GE00201,12489,8920,,0,0,0,0,0,0,0,0,0,0,0,0,0,0,0,0,0,0,0,0,0
GE00202,12489,8920,,0,0,0,0,0,0,0,0,0,0,0,0,0,0,0,0,0,0,0,0,0
GE00203,13203,9430,,0,0,0,0,0,0,0,0,0,0,0,0,0,0,0,0,0,0,0,0,0
GE00204,13203,9430,,0,0,0,0,0,0,0,0,0,0,0,0,0,0,0,0,0,0,0,0,0
GE00205,9992,7136,,0,0,0,0,0,0,0,0,0,0,0,0,0,0,0,0,0,0,0,0,0
GE00206,9992,7136,,0,0,0,0,0,0,0,0,0,0,0,0,0,0,0,0,0,0,0,0,0
GE00207,14987,10704,,0,0,0,0,0,0,0,0,0,0,0,0,0,0,0,0,0,0,0,0,0
GE00208,14987,10704,,0,0,0,0,0,0,0,0,0,0,0,0,0,0,0,0,0,0,0,0,0
GE00209,23908,17076,,0,0,0,0,0,0,0,0,0,0,0,0,0,0,0,0,0,0,0,0,0
GE00210,23908,17076,,0,0,0,0,0,0,0,0,0,0,0,0,0,0,0,0,0,0,0,0,0
GE00211,51742,36955,,0,0,0,0,0,0,0,0,0,0,0,0,0,0,0,0,0,0,0,0,0
GE00212,51742,36955,,0,0,0,0,0,0,0,0,0,0,0,0,0,0,0,0,0,0,0,0,0
GE00213,12489,8920,,0,0,0,0,0,0,0,0,0,0,0,0,0,0,0,0,0,0,0,0,0
GE00214,12489,8920,,0,0,0,0,0,0,0,0,0,0,0,0,0,0,0,0,0,0,0,0,0
GE00215,7137,5097,,0,0,0,0,0,0,0,0,0,0,0,0,0,0,0,0,0,0,0,0,0
GE00216,7137,5097,,0,0,0,0,0,0,0,0,0,0,0,0,0,0,0,0,0,0,0,0,0
KD00001,88470,,,0,0,0,0,0,0,0,0,0,0,0,0,0,0,0,0,0,0,0,0,0
KD00002,82572,,,0,0,0,0,0,0,0,0,0,0,0,0,0,0,0,0,0,0,0,0,0
KD00003,88470,,,0,0,0,0,0,0,0,0,0,0,0,0,0,0,0,0,0,0,0,0,0
KD00004,88470,,,0,0,0,0,0,0,0,0,0,0,0,0,0,0,0,0,0,0,0,0,0
KD00005,117960,,,0,0,0,0,0,0,0,0,0,0,0,0,0,0,0,0,0,0,0,0,0
KD00006,103215,,,0,0,0,0,0,0,0,0,0,0,0,0,0,0,0,0,0,0,0,0,0
KD00007,88470,,,0,0,0,0,0,0,0,0,0,0,0,0,0,0,0,0,0,0,0,0,0
KD00008,103215,,,0,0,0,0,0,0,0,0,0,0,0,0,0,0,0,0,0,0,0,0,0
KD00009,115011,,,0,0,0,0,0,0,0,0,0,0,0,0,0,0,0,0,0,0,0,0,0
KD00011,103215,,,0,0,0,0,0,0,0,0,0,0,0,0,0,0,0,0,0,0,0,0,0
KD00012,103215,,,0,0,0,0,0,0,0,0,0,0,0,0,0,0,0,0,0,0,0,0,0
KD00013,103215,,,0,0,0,0,0,0,0,0,0,0,0,0,0,0,0,0,0,0,0,0,0
KD00014,103215,,,0,0,0,0,0,0,0,0,0,0,0,0,0,0,0,0,0,0,0,0,0
KD00015,112062,,,0,0,0,0,0,0,0,0,0,0,0,0,0,0,0,0,0,0,0,0,0
KD00016,64878,,,0,0,0,0,0,0,0,0,0,0,0,0,0,0,0,0,0,0,0,0,0
KD00017,47184,,,0,0,0,0,0,0,0,0,0,0,0,0,0,0,0,0,0,0,0,0,0
KD00028,94381,,,0,0,0,0,0,0,0,0,0,0,0,0,0,0,0,0,0,0,0,0,0
KD00029,94381,,,0,0,0,0,0,0,0,0,0,0,0,0,0,0,0,0,0,0,0,0,0
NK00001,47815,34157,,0,0,0,0,0,0,0,0,0,0,0,0,0,0,0,0,0,0,0,0,0
NK00002,56736,40529,,0,0,0,0,0,0,0,0,0,0,0,0,0,0,0,0,0,0,0,0,0
NK00003,49421,35304,,0,0,0,0,0,0,0,0,0,0,0,0,0,0,0,0,0,0,0,0,0
NK00004,69938,49960,,0,0,0,0,0,0,0,0,0,0,0,0,0,0,0,0,0,0,0,0,0
NK00005,80287,57353,,0,0,0,0,0,0,0,0,0,0,0,0,0,0,0,0,0,0,0,0,0
NK00006,49242,35176,,0,0,0,0,0,0,0,0,0,0,0,0,0,0,0,0,0,0,0,0,0
NK00007,58163,41549,,0,0,0,0,0,0,0,0,0,0,0,0,0,0,0,0,0,0,0,0,0
NK00008,65657,46902,,0,0,0,0,0,0,0,0,0,0,0,0,0,0,0,0,0,0,0,0,0
NK00009,108298,77362,,0,0,0,0,0,0,0,0,0,0,0,0,0,0,0,0,0,0,0,0,0
NK00010,45317,32372,,0,0,0,0,0,0,0,0,0,0,0,0,0,0,0,0,0,0,0,0,0
NK00011,71187,50853,,0,0,0,0,0,0,0,0,0,0,0,0,0,0,0,0,0,0,0,0,0
NK00012,60483,43206,,0,0,0,0,0,0,0,0,0,0,0,0,0,0,0,0,0,0,0,0,0
NK00013,64764,46264,,0,0,0,0,0,0,0,0,0,0,0,0,0,0,0,0,0,0,0,0,0
NK00014,58877,42059,,0,0,0,0,0,0,0,0,0,0,0,0,0,0,0,0,0,0,0,0,0
NK00015,82071,58627,,0,0,0,0,0,0,0,0,0,0,0,0,0,0,0,0,0,0,0,0,0
NK00016,63230,45168,,0,0,0,0,0,0,0,0,0,0,0,0,0,0,0,0,0,0,0,0,0
NK00017,55487,39637,,0,0,0,0,0,0,0,0,0,0,0,0,0,0,0,0,0,0,0,0,0
NK00018,75469,53911,,0,0,0,0,0,0,0,0,0,0,0,0,0,0,0,0,0,0,0,0,0
NK00019,87423,62451,,0,0,0,0,0,0,0,0,0,0,0,0,0,0,0,0,0,0,0,0,0
NK00020,83855,59902,,0,0,0,0,0,0,0,0,0,0,0,0,0,0,0,0,0,0,0,0,0
NK00021,43890,31353,,0,0,0,0,0,0,0,0,0,0,0,0,0,0,0,0,0,0,0,0,0
NK00022,29974,21412,,0,0,0,0,0,0,0,0,0,0,0,0,0,0,0,0,0,0,0,0,0
NK00023,62980,44990,,0,0,0,0,0,0,0,0,0,0,0,0,0,0,0,0,0,0,0,0,0
NK00024,43890,31353,,0,0,0,0,0,0,0,0,0,0,0,0,0,0,0,0,0,0,0,0,0
NK00025,49064,35049,,0,0,0,0,0,0,0,0,0,0,0,0,0,0,0,0,0,0,0,0,0
NK00026,84568,60411,,0,0,0,0,0,0,0,0,0,0,0,0,0,0,0,0,0,0,0,0,0
NK00027,123463,88195,,0,0,0,0,0,0,0,0,0,0,0,0,0,0,0,0,0,0,0,0,0
NK00028,65478,46774,,0,0,0,0,0,0,0,0,0,0,0,0,0,0,0,0,0,0,0,0,0
NK00029,62445,44608,,0,0,0,0,0,0,0,0,0,0,0,0,0,0,0,0,0,0,0,0,0
NK00030,51740,36961,,0,0,0,0,0,0,0,0,0,0,0,0,0,0,0,0,0,0,0,0,0
GR00001,33007,23578.25,,0,0,0,0,0,0,0,0,0,0,0,0,0,0,0,0,0,0,0,0,0
GR00002,33007,23578.25,,0,0,0,0,0,0,0,0,0,0,0,0,0,0,0,0,0,0,0,0,0
GR00003,17841,12745,,0,0,0,0,0,0,0,0,0,0,0,0,0,0,0,0,0,0,0,0,0
GR00004,17841,12745,,0,0,0,0,0,0,0,0,0,0,0,0,0,0,0,0,0,0,0,0,0
GR00005,28546,20392,,0,0,0,0,0,0,0,0,0,0,0,0,0,0,0,0,0,0,0,0,0
GR00006,28546,20392,,0,0,0,0,0,0,0,0,0,0,0,0,0,0,0,0,0,0,0,0,0
GR00007,31579,22558.65,,0,0,0,0,0,0,0,0,0,0,0,0,0,0,0,0,0,0,0,0,0
GR00008,31579,22558.65,,0,0,0,0,0,0,0,0,0,0,0,0,0,0,0,0,0,0,0,0,0
GR00009,18912,13509.7,,0,0,0,0,0,0,0,0,0,0,0,0,0,0,0,0,0,0,0,0,0
GR00010,18912,13509.7,,0,0,0,0,0,0,0,0,0,0,0,0,0,0,0,0,0,0,0,0,0
GR00011,27476,19627.3,,0,0,0,0,0,0,0,0,0,0,0,0,0,0,0,0,0,0,0,0,0
GR00012,27476,19627.3,,0,0,0,0,0,0,0,0,0,0,0,0,0,0,0,0,0,0,0,0,0
GR00013,29795,21284.15,,0,0,0,0,0,0,0,0,0,0,0,0,0,0,0,0,0,0,0,0,0
GR00014,29795,21284.15,,0,0,0,0,0,0,0,0,0,0,0,0,0,0,0,0,0,0,0,0,0
GR00015,35683,25490,,0,0,0,0,0,0,0,0,0,0,0,0,0,0,0,0,0,0,0,0,0
GR00016,35683,25490,,0,0,0,0,0,0,0,0,0,0,0,0,0,0,0,0,0,0,0,0,0
GR00017,30330,21666.5,,0,0,0,0,0,0,0,0,0,0,0,0,0,0,0,0,0,0,0,0,0
GR00018,30330,21666.5,,0,0,0,0,0,0,0,0,0,0,0,0,0,0,0,0,0,0,0,0,0
GR00019,28903,20646.9,,0,0,0,0,0,0,0,0,0,0,0,0,0,0,0,0,0,0,0,0,0
GR00020,28903,20646.9,,0,0,0,0,0,0,0,0,0,0,0,0,0,0,0,0,0,0,0,0,0
GR00021,29617,21156.7,,0,0,0,0,0,0,0,0,0,0,0,0,0,0,0,0,0,0,0,0,0
GR00022,29617,21156.7,,0,0,0,0,0,0,0,0,0,0,0,0,0,0,0,0,0,0,0,0,0
GR00023,36575,26127.25,,0,0,0,0,0,0,0,0,0,0,0,0,0,0,0,0,0,0,0,0,0
GR00024,36575,26127.25,,0,0,0,0,0,0,0,0,0,0,0,0,0,0,0,0,0,0,0,0,0
GR00025,26762,19117.5,,0,0,0,0,0,0,0,0,0,0,0,0,0,0,0,0,0,0,0,0,0
GR00026,26762,19117.5,,0,0,0,0,0,0,0,0,0,0,0,0,0,0,0,0,0,0,0,0,0
GR00027,30152,21539.05,,0,0,0,0,0,0,0,0,0,0,0,0,0,0,0,0,0,0,0,0,0
GR00028,30152,21539.05,,0,0,0,0,0,0,0,0,0,0,0,0,0,0,0,0,0,0,0,0,0
GR00029,28189,20137.1,,0,0,0,0,0,0,0,0,0,0,0,0,0,0,0,0,0,0,0,0,0
GR00030,28189,20137.1,,0,0,0,0,0,0,0,0,0,0,0,0,0,0,0,0,0,0,0,0,0
GR00031,21410,15294,,0,0,0,0,0,0,0,0,0,0,0,0,0,0,0,0,0,0,0,0,0
GR00032,21410,15294,,0,0,0,0,0,0,0,0,0,0,0,0,0,0,0,0,0,0,0,0,0
GR00033,28546,20392,,0,0,0,0,0,0,0,0,0,0,0,0,0,0,0,0,0,0,0,0,0
GR00034,28546,20392,,0,0,0,0,0,0,0,0,0,0,0,0,0,0,0,0,0,0,0,0,0
GR00035,10705,7647,,0,0,0,0,0,0,0,0,0,0,0,0,0,0,0,0,0,0,0,0,0
GR00036,10705,7647,,0,0,0,0,0,0,0,0,0,0,0,0,0,0,0,0,0,0,0,0,0
GR00037,10348,7392.1,,0,0,0,0,0,0,0,0,0,0,0,0,0,0,0,0,0,0,0,0,0
GR00038,10348,7392.1,,0,0,0,0,0,0,0,0,0,0,0,0,0,0,0,0,0,0,0,0,0
GR00039,7137,5098,,0,0,0,0,0,0,0,0,0,0,0,0,0,0,0,0,0,0,0,0,0
GR00040,7137,5098,,0,0,0,0,0,0,0,0,0,0,0,0,0,0,0,0,0,0,0,0,0
GR00041,18912,13509.7,,0,0,0,0,0,0,0,0,0,0,0,0,0,0,0,0,0,0,0,0,0
GR00042,18912,13509.7,,0,0,0,0,0,0,0,0,0,0,0,0,0,0,0,0,0,0,0,0,0
GR00043,31223,22303.75,,0,0,0,0,0,0,0,0,0,0,0,0,0,0,0,0,0,0,0,0,0
GR00044,31223,22303.75,,0,0,0,0,0,0,0,0,0,0,0,0,0,0,0,0,0,0,0,0,0
GR00045,29795,21284.15,,0,0,0,0,0,0,0,0,0,0,0,0,0,0,0,0,0,0,0,0,0
GR00046,29795,21284.15,,0,0,0,0,0,0,0,0,0,0,0,0,0,0,0,0,0,0,0,0,0
GR00047,29974,21411.6,,0,0,0,0,0,0,0,0,0,0,0,0,0,0,0,0,0,0,0,0,0
GR00048,29974,21411.6,,0,0,0,0,0,0,0,0,0,0,0,0,0,0,0,0,0,0,0,0,0
GR00049,29795,21284.15,,0,0,0,0,0,0,0,0,0,0,0,0,0,0,0,0,0,0,0,0,0
GR00050,29795,21284.15,,0,0,0,0,0,0,0,0,0,0,0,0,0,0,0,0,0,0,0,0,0
GR00051,32650,23323.35,,0,0,0,0,0,0,0,0,0,0,0,0,0,0,0,0,0,0,0,0,0
GR00052,32650,23323.35,,0,0,0,0,0,0,0,0,0,0,0,0,0,0,0,0,0,0,0,0,0
C002843,17841,12745,,0,0,0,0,0,0,0,0,0,0,0,0,0,0,0,0,0,0,0,0,0
C002844,17841,12745,,0,0,0,0,0,0,0,0,0,0,0,0,0,0,0,0,0,0,0,0,0
C003182,30330,21667,,0,0,0,0,0,0,0,0,0,0,0,0,0,0,0,0,0,0,0,0,0
C003183,30330,21667,,0,0,0,0,0,0,0,0,0,0,0,0,0,0,0,0,0,0,0,0,0
C003194,11419,8157,,0,0,0,0,0,0,0,0,0,0,0,0,0,0,0,0,0,0,0,0,0
C003195,11419,8157,,0,0,0,0,0,0,0,0,0,0,0,0,0,0,0,0,0,0,0,0,0
C003401,16057,11471,,0,0,0,0,0,0,0,0,0,0,0,0,0,0,0,0,0,0,0,0,0
C003402,16057,11471,,0,0,0,0,0,0,0,0,0,0,0,0,0,0,0,0,0,0,0,0,0
C002774,14273,10196,,0,0,0,0,0,0,0,0,0,0,0,0,0,0,0,0,0,0,0,0,0
C002775,14273,10196,,0,0,0,0,0,0,0,0,0,0,0,0,0,0,0,0,0,0,0,0,0
C001547,24978,17843,,0,0,0,0,0,0,0,0,0,0,0,0,0,0,0,0,0,0,0,0,0
C001548,24978,17843,,0,0,0,0,0,0,0,0,0,0,0,0,0,0,0,0,0,0,0,0,0
C001688,14273,10196,,0,0,0,0,0,0,0,0,0,0,0,0,0,0,0,0,0,0,0,0,0
C001689,14273,10196,,0,0,0,0,0,0,0,0,0,0,0,0,0,0,0,0,0,0,0,0,0
C005324,20946,14963,,0,0,0,0,0,0,0,0,0,0,0,0,0,0,0,0,0,0,0,0,0
C005325,20946,14963,,0,0,0,0,0,0,0,0,0,0,0,0,0,0,0,0,0,0,0,0,0
C005318,12489,8922,,0,0,0,0,0,0,0,0,0,0,0,0,0,0,0,0,0,0,0,0,0
C005319,12489,8922,,0,0,0,0,0,0,0,0,0,0,0,0,0,0,0,0,0,0,0,0,0
GR00053,30152,21539,,0,0,0,0,0,0,0,0,0,0,0,0,0,0,0,0,0,0,0,0,0
GR00054,30152,21539,,0,0,0,0,0,0,0,0,0,0,0,0,0,0,0,0,0,0,0,0,0
GR00055,26584,18990,,0,0,0,0,0,0,0,0,0,0,0,0,0,0,0,0,0,0,0,0,0
GR00056,26584,18990,,0,0,0,0,0,0,0,0,0,0,0,0,0,0,0,0,0,0,0,0,0
GR00057,27476,19627,,0,0,0,0,0,0,0,0,0,0,0,0,0,0,0,0,0,0,0,0,0
GR00058,27476,19627,,0,0,0,0,0,0,0,0,0,0,0,0,0,0,0,0,0,0,0,0,0
GR00059,30152,21539,,0,0,0,0,0,0,0,0,0,0,0,0,0,0,0,0,0,0,0,0,0
GR00060,30152,21539,,0,0,0,0,0,0,0,0,0,0,0,0,0,0,0,0,0,0,0,0,0
GR00061,10705,7647,,0,0,0,0,0,0,0,0,0,0,0,0,0,0,0,0,0,0,0,0,0
GR00062,10705,7647,,0,0,0,0,0,0,0,0,0,0,0,0,0,0,0,0,0,0,0,0,0
GR00063,33899,24216,,0,0,0,0,0,0,0,0,0,0,0,0,0,0,0,0,0,0,0,0,0
GR00064,33899,24216,,0,0,0,0,0,0,0,0,0,0,0,0,0,0,0,0,0,0,0,0,0
GR00065,38538,27529,,0,0,0,0,0,0,0,0,0,0,0,0,0,0,0,0,0,0,0,0,0
GR00066,38538,27529,,0,0,0,0,0,0,0,0,0,0,0,0,0,0,0,0,0,0,0,0,0
GR00067,35326,25235,,0,0,0,0,0,0,0,0,0,0,0,0,0,0,0,0,0,0,0,0,0
GR00068,35326,25235,,0,0,0,0,0,0,0,0,0,0,0,0,0,0,0,0,0,0,0,0,0
GR00069,34969,24980,,0,0,0,0,0,0,0,0,0,0,0,0,0,0,0,0,0,0,0,0,0
GR00070,34969,24980,,0,0,0,0,0,0,0,0,0,0,0,0,0,0,0,0,0,0,0,0,0
GR00071,28546,20392,,0,0,0,0,0,0,0,0,0,0,0,0,0,0,0,0,0,0,0,0,0
GR00072,28546,20392,,0,0,0,0,0,0,0,0,0,0,0,0,0,0,0,0,0,0,0,0,0
GR00073,36753,26255,,0,0,0,0,0,0,0,0,0,0,0,0,0,0,0,0,0,0,0,0,0
GR00074,36753,26255,,0,0,0,0,0,0,0,0,0,0,0,0,0,0,0,0,0,0,0,0,0
GR00075,8921,6373,,0,0,0,0,0,0,0,0,0,0,0,0,0,0,0,0,0,0,0,0,0
GR00076,8921,6373,,0,0,0,0,0,0,0,0,0,0,0,0,0,0,0,0,0,0,0,0,0
GR00077,14309,10221,,0,0,0,0,0,0,0,0,0,0,0,0,0,0,0,0,0,0,0,0,0
GR00078,14309,10221,,0,0,0,0,0,0,0,0,0,0,0,0,0,0,0,0,0,0,0,0,0
GR00079,16236,11598,,0,0,0,0,0,0,0,0,0,0,0,0,0,0,0,0,0,0,0,0,0
GR00080,16236,11598,,0,0,0,0,0,0,0,0,0,0,0,0,0,0,0,0,0,0,0,0,0
GR00081,8849,6322,,0,0,0,0,0,0,0,0,0,0,0,0,0,0,0,0,0,0,0,0,0
GR00082,8849,6322,,0,0,0,0,0,0,0,0,0,0,0,0,0,0,0,0,0,0,0,0,0
GR00083,6423,4588,,0,0,0,0,0,0,0,0,0,0,0,0,0,0,0,0,0,0,0,0,0
GR00084,6423,4588,,0,0,0,0,0,0,0,0,0,0,0,0,0,0,0,0,0,0,0,0,0
GR00085,12311,8794,,0,0,0,0,0,0,0,0,0,0,0,0,0,0,0,0,0,0,0,0,0
GR00086,12311,8794,,0,0,0,0,0,0,0,0,0,0,0,0,0,0,0,0,0,0,0,0,0
GR00087,15808,11292,,0,0,0,0,0,0,0,0,0,0,0,0,0,0,0,0,0,0,0,0,0
GR00088,15808,11292,,0,0,0,0,0,0,0,0,0,0,0,0,0,0,0,0,0,0,0,0,0
GR00089,15165,10833,,0,0,0,0,0,0,0,0,0,0,0,0,0,0,0,0,0,0,0,0,0
GR00090,15165,10833,,0,0,0,0,0,0,0,0,0,0,0,0,0,0,0,0,0,0,0,0,0
GR00091,13203,9431,,0,0,0,0,0,0,0,0,0,0,0,0,0,0,0,0,0,0,0,0,0
GR00092,13203,9431,,0,0,0,0,0,0,0,0,0,0,0,0,0,0,0,0,0,0,0,0,0
GR00093,16236,11598,,0,0,0,0,0,0,0,0,0,0,0,0,0,0,0,0,0,0,0,0,0
GR00094,16236,11598,,0,0,0,0,0,0,0,0,0,0,0,0,0,0,0,0,0,0,0,0,0
GR00095,13203,9431,,0,0,0,0,0,0,0,0,0,0,0,0,0,0,0,0,0,0,0,0,0
GR00096,13203,9431,,0,0,0,0,0,0,0,0,0,0,0,0,0,0,0,0,0,0,0,0,0
GR00097,14808,10578,,0,0,0,0,0,0,0,0,0,0,0,0,0,0,0,0,0,0,0,0,0
GR00098,14808,10578,,0,0,0,0,0,0,0,0,0,0,0,0,0,0,0,0,0,0,0,0,0
GR00099,12489,8922,,0,0,0,0,0,0,0,0,0,0,0,0,0,0,0,0,0,0,0,0,0
GR00100,12489,8922,,0,0,0,0,0,0,0,0,0,0,0,0,0,0,0,0,0,0,0,0,0
GR00101,11597,8284,,0,0,0,0,0,0,0,0,0,0,0,0,0,0,0,0,0,0,0,0,0
GR00102,11597,8284,,0,0,0,0,0,0,0,0,0,0,0,0,0,0,0,0,0,0,0,0,0
GR00103,10419,7443,,0,0,0,0,0,0,0,0,0,0,0,0,0,0,0,0,0,0,0,0,0
GR00104,10419,7443,,0,0,0,0,0,0,0,0,0,0,0,0,0,0,0,0,0,0,0,0,0
GR00105,11811,8437,,0,0,0,0,0,0,0,0,0,0,0,0,0,0,0,0,0,0,0,0,0
GR00106,11811,8437,,0,0,0,0,0,0,0,0,0,0,0,0,0,0,0,0,0,0,0,0,0
GR00107,13809,9865,,0,0,0,0,0,0,0,0,0,0,0,0,0,0,0,0,0,0,0,0,0
GR00108,13809,9865,,0,0,0,0,0,0,0,0,0,0,0,0,0,0,0,0,0,0,0,0,0
GR00109,8207,5863,,0,0,0,0,0,0,0,0,0,0,0,0,0,0,0,0,0,0,0,0,0
GR00110,8207,5863,,0,0,0,0,0,0,0,0,0,0,0,0,0,0,0,0,0,0,0,0,0
GR00111,12489,8922,,0,0,0,0,0,0,0,0,0,0,0,0,0,0,0,0,0,0,0,0,0
GR00112,12489,8922,,0,0,0,0,0,0,0,0,0,0,0,0,0,0,0,0,0,0,0,0,0
GR00113,31187,22278,,0,0,0,0,0,0,0,0,0,0,0,0,0,0,0,0,0,0,0,0,0
GR00114,31187,22278,,0,0,0,0,0,0,0,0,0,0,0,0,0,0,0,0,0,0,0,0,0
GR00115,24229,17308,,0,0,0,0,0,0,0,0,0,0,0,0,0,0,0,0,0,0,0,0,0
GR00116,24229,17308,,0,0,0,0,0,0,0,0,0,0,0,0,0,0,0,0,0,0,0,0,0
GR00117,16557,11827,,0,0,0,0,0,0,0,0,0,0,0,0,0,0,0,0,0,0,0,0,0
GR00118,16557,11827,,0,0,0,0,0,0,0,0,0,0,0,0,0,0,0,0,0,0,0,0,0
GR00119,26405,18863,,0,0,0,0,0,0,0,0,0,0,0,0,0,0,0,0,0,0,0,0,0
GR00120,26405,18863,,0,0,0,0,0,0,0,0,0,0,0,0,0,0,0,0,0,0,0,0,0
GR00121,16093,11496,,0,0,0,0,0,0,0,0,0,0,0,0,0,0,0,0,0,0,0,0,0
GR00122,16093,11496,,0,0,0,0,0,0,0,0,0,0,0,0,0,0,0,0,0,0,0,0,0
GR00123,22159,15829,,0,0,0,0,0,0,0,0,0,0,0,0,0,0,0,0,0,0,0,0,0
GR00124,22159,15829,,0,0,0,0,0,0,0,0,0,0,0,0,0,0,0,0,0,0,0,0,0
GR00125,17413,12439,,0,0,0,0,0,0,0,0,0,0,0,0,0,0,0,0,0,0,0,0,0
GR00126,17413,12439,,0,0,0,0,0,0,0,0,0,0,0,0,0,0,0,0,0,0,0,0,0
GR00127,16842,12031,,0,0,0,0,0,0,0,0,0,0,0,0,0,0,0,0,0,0,0,0,0
GR00128,16842,12031,,0,0,0,0,0,0,0,0,0,0,0,0,0,0,0,0,0,0,0,0,0
GR00129,24657,17614,,0,0,0,0,0,0,0,0,0,0,0,0,0,0,0,0,0,0,0,0,0
GR00130,24657,17614,,0,0,0,0,0,0,0,0,0,0,0,0,0,0,0,0,0,0,0,0,0
GR00131,22730,16237,,0,0,0,0,0,0,0,0,0,0,0,0,0,0,0,0,0,0,0,0,0
GR00132,22730,16237,,0,0,0,0,0,0,0,0,0,0,0,0,0,0,0,0,0,0,0,0,0
GR00133,17841,12745,,0,0,0,0,0,0,0,0,0,0,0,0,0,0,0,0,0,0,0,0,0
GR00134,17841,12745,,0,0,0,0,0,0,0,0,0,0,0,0,0,0,0,0,0,0,0,0,0
GR00135,14273,10196,,0,0,0,0,0,0,0,0,0,0,0,0,0,0,0,0,0,0,0,0,0
GR00136,14273,10196,,0,0,0,0,0,0,0,0,0,0,0,0,0,0,0,0,0,0,0,0,0
GR00137,10705,7647,,0,0,0,0,0,0,0,0,0,0,0,0,0,0,0,0,0,0,0,0,0
GR00138,10705,7647,,0,0,0,0,0,0,0,0,0,0,0,0,0,0,0,0,0,0,0,0,0
GR00139,21410,15294,,0,0,0,0,0,0,0,0,0,0,0,0,0,0,0,0,0,0,0,0,0
GR00140,21410,15294,,0,0,0,0,0,0,0,0,0,0,0,0,0,0,0,0,0,0,0,0,0
GR00141,9099,6500,,0,0,0,0,0,0,0,0,0,0,0,0,0,0,0,0,0,0,0,0,0
GR00142,9099,6500,,0,0,0,0,0,0,0,0,0,0,0,0,0,0,0,0,0,0,0,0,0
GR00143,18734,13382,,0,0,0,0,0,0,0,0,0,0,0,0,0,0,0,0,0,0,0,0,0
GR00144,18734,13382,,0,0,0,0,0,0,0,0,0,0,0,0,0,0,0,0,0,0,0,0,0
GR00145,9634,6882,,0,0,0,0,0,0,0,0,0,0,0,0,0,0,0,0,0,0,0,0,0
GR00146,9634,6882,,0,0,0,0,0,0,0,0,0,0,0,0,0,0,0,0,0,0,0,0,0
GR00147,13988,9992,,0,0,0,0,0,0,0,0,0,0,0,0,0,0,0,0,0,0,0,0,0
GR00148,13988,9992,,0,0,0,0,0,0,0,0,0,0,0,0,0,0,0,0,0,0,0,0,0
GR00149,12132,8667,,0,0,0,0,0,0,0,0,0,0,0,0,0,0,0,0,0,0,0,0,0
GR00150,12132,8667,,0,0,0,0,0,0,0,0,0,0,0,0,0,0,0,0,0,0,0,0,0
GR00151,14630,10451,,0,0,0,0,0,0,0,0,0,0,0,0,0,0,0,0,0,0,0,0,0
GR00152,14630,10451,,0,0,0,0,0,0,0,0,0,0,0,0,0,0,0,0,0,0,0,0,0
GR00153,16700,11929,,0,0,0,0,0,0,0,0,0,0,0,0,0,0,0,0,0,0,0,0,0
GR00154,16700,11929,,0,0,0,0,0,0,0,0,0,0,0,0,0,0,0,0,0,0,0,0,0
GR00155,18198,13000,,0,0,0,0,0,0,0,0,0,0,0,0,0,0,0,0,0,0,0,0,0
GR00156,18198,13000,,0,0,0,0,0,0,0,0,0,0,0,0,0,0,0,0,0,0,0,0,0
GR00157,17770,12694,,0,0,0,0,0,0,0,0,0,0,0,0,0,0,0,0,0,0,0,0,0
GR00158,17770,12694,,0,0,0,0,0,0,0,0,0,0,0,0,0,0,0,0,0,0,0,0,0
GR00163,19269,13765,,0,0,0,0,0,0,0,0,0,0,0,0,0,0,0,0,0,0,0,0,0
GR00164,19269,13765,,0,0,0,0,0,0,0,0,0,0,0,0,0,0,0,0,0,0,0,0,0
GR00165,28725,20519,,0,0,0,0,0,0,0,0,0,0,0,0,0,0,0,0,0,0,0,0,0
GR00166,28725,20519,,0,0,0,0,0,0,0,0,0,0,0,0,0,0,0,0,0,0,0,0,0
GR00167,22837,16314,,0,0,0,0,0,0,0,0,0,0,0,0,0,0,0,0,0,0,0,0,0
GR00168,22837,16314,,0,0,0,0,0,0,0,0,0,0,0,0,0,0,0,0,0,0,0,0,0
GR00169,25335,18098,,0,0,0,0,0,0,0,0,0,0,0,0,0,0,0,0,0,0,0,0,0
GR00170,25335,18098,,0,0,0,0,0,0,0,0,0,0,0,0,0,0,0,0,0,0,0,0,0
GR00171,22480,16059,,0,0,0,0,0,0,0,0,0,0,0,0,0,0,0,0,0,0,0,0,0
GR00172,22480,16059,,0,0,0,0,0,0,0,0,0,0,0,0,0,0,0,0,0,0,0,0,0
GR00173,25513,18225,,0,0,0,0,0,0,0,0,0,0,0,0,0,0,0,0,0,0,0,0,0
GR00174,25513,18225,,0,0,0,0,0,0,0,0,0,0,0,0,0,0,0,0,0,0,0,0,0
GR00175,18734,13382,,0,0,0,0,0,0,0,0,0,0,0,0,0,0,0,0,0,0,0,0,0
GR00176,18734,13382,,0,0,0,0,0,0,0,0,0,0,0,0,0,0,0,0,0,0,0,0,0
GR00177,23908,17078,,0,0,0,0,0,0,0,0,0,0,0,0,0,0,0,0,0,0,0,0,0
GR00178,23908,17078,,0,0,0,0,0,0,0,0,0,0,0,0,0,0,0,0,0,0,0,0,0
GR00179,20161,14402,,0,0,0,0,0,0,0,0,0,0,0,0,0,0,0,0,0,0,0,0,0
GR00180,20161,14402,,0,0,0,0,0,0,0,0,0,0,0,0,0,0,0,0,0,0,0,0,0
GR00181,22302,15931,,0,0,0,0,0,0,0,0,0,0,0,0,0,0,0,0,0,0,0,0,0
GR00182,22302,15931,,0,0,0,0,0,0,0,0,0,0,0,0,0,0,0,0,0,0,0,0,0
GR00183,12311,8794,,0,0,0,0,0,0,0,0,0,0,0,0,0,0,0,0,0,0,0,0,0
GR00184,12311,8794,,0,0,0,0,0,0,0,0,0,0,0,0,0,0,0,0,0,0,0,0,0
GR00185,4460,3186,,0,0,0,0,0,0,0,0,0,0,0,0,0,0,0,0,0,0,0,0,0
GR00186,4460,3186,,0,0,0,0,0,0,0,0,0,0,0,0,0,0,0,0,0,0,0,0,0
GR00187,11062,7902,,0,0,0,0,0,0,0,0,0,0,0,0,0,0,0,0,0,0,0,0,0
GR00188,11062,7902,,0,0,0,0,0,0,0,0,0,0,0,0,0,0,0,0,0,0,0,0,0
GR00189,12489,8922,,0,0,0,0,0,0,0,0,0,0,0,0,0,0,0,0,0,0,0,0,0
GR00190,12489,8922,,0,0,0,0,0,0,0,0,0,0,0,0,0,0,0,0,0,0,0,0,0
GR00191,16414,11725,,0,0,0,0,0,0,0,0,0,0,0,0,0,0,0,0,0,0,0,0,0
GR00192,16414,11725,,0,0,0,0,0,0,0,0,0,0,0,0,0,0,0,0,0,0,0,0,0
GR00193,49956,35686,,0,0,0,0,0,0,0,0,0,0,0,0,0,0,0,0,0,0,0,0,0
GR00194,49956,35686,,0,0,0,0,0,0,0,0,0,0,0,0,0,0,0,0,0,0,0,0,0
GR00195,19982,14274,,0,0,0,0,0,0,0,0,0,0,0,0,0,0,0,0,0,0,0,0,0
GR00196,19982,14274,,0,0,0,0,0,0,0,0,0,0,0,0,0,0,0,0,0,0,0,0,0
GR00197,18912,13510,,0,0,0,0,0,0,0,0,0,0,0,0,0,0,0,0,0,0,0,0,0
GR00198,18912,13510,,0,0,0,0,0,0,0,0,0,0,0,0,0,0,0,0,0,0,0,0,0
GR00199,17485,12490,,0,0,0,0,0,0,0,0,0,0,0,0,0,0,0,0,0,0,0,0,0
GR00200,17485,12490,,0,0,0,0,0,0,0,0,0,0,0,0,0,0,0,0,0,0,0,0,0
GR00201,19982,14274,,0,0,0,0,0,0,0,0,0,0,0,0,0,0,0,0,0,0,0,0,0
GR00202,19982,14274,,0,0,0,0,0,0,0,0,0,0,0,0,0,0,0,0,0,0,0,0,0
GR00203,29795,21284,,0,0,0,0,0,0,0,0,0,0,0,0,0,0,0,0,0,0,0,0,0
GR00204,29795,21284,,0,0,0,0,0,0,0,0,0,0,0,0,0,0,0,0,0,0,0,0,0
GR00205,24264,17333,,0,0,0,0,0,0,0,0,0,0,0,0,0,0,0,0,0,0,0,0,0
GR00206,24264,17333,,0,0,0,0,0,0,0,0,0,0,0,0,0,0,0,0,0,0,0,0,0
GR00207,16236,11598,,0,0,0,0,0,0,0,0,0,0,0,0,0,0,0,0,0,0,0,0,0
GR00208,16236,11598,,0,0,0,0,0,0,0,0,0,0,0,0,0,0,0,0,0,0,0,0,0
GR00209,17306,12363,,0,0,0,0,0,0,0,0,0,0,0,0,0,0,0,0,0,0,0,0,0
GR00210,17306,12363,,0,0,0,0,0,0,0,0,0,0,0,0,0,0,0,0,0,0,0,0,0
GR00211,30152,21539,,0,0,0,0,0,0,0,0,0,0,0,0,0,0,0,0,0,0,0,0,0
GR00212,30152,21539,,0,0,0,0,0,0,0,0,0,0,0,0,0,0,0,0,0,0,0,0,0
GR00213,23551,16823,,0,0,0,0,0,0,0,0,0,0,0,0,0,0,0,0,0,0,0,0,0
GR00214,23551,16823,,0,0,0,0,0,0,0,0,0,0,0,0,0,0,0,0,0,0,0,0,0
GR00215,22480,16059,,0,0,0,0,0,0,0,0,0,0,0,0,0,0,0,0,0,0,0,0,0
GR00216,22480,16059,,0,0,0,0,0,0,0,0,0,0,0,0,0,0,0,0,0,0,0,0,0
GR00217,23908,17078,,0,0,0,0,0,0,0,0,0,0,0,0,0,0,0,0,0,0,0,0,0
GR00218,23908,17078,,0,0,0,0,0,0,0,0,0,0,0,0,0,0,0,0,0,0,0,0,0
GR00219,23123,16518,,0,0,0,0,0,0,0,0,0,0,0,0,0,0,0,0,0,0,0,0,0
GR00220,23123,16518,,0,0,0,0,0,0,0,0,0,0,0,0,0,0,0,0,0,0,0,0,0
GR00221,26013,18582,,0,0,0,0,0,0,0,0,0,0,0,0,0,0,0,0,0,0,0,0,0
GR00222,26013,18582,,0,0,0,0,0,0,0,0,0,0,0,0,0,0,0,0,0,0,0,0,0
GR00223,26049,18608,,0,0,0,0,0,0,0,0,0,0,0,0,0,0,0,0,0,0,0,0,0
GR00224,26049,18608,,0,0,0,0,0,0,0,0,0,0,0,0,0,0,0,0,0,0,0,0,0
GR00225,26405,18863,,0,0,0,0,0,0,0,0,0,0,0,0,0,0,0,0,0,0,0,0,0
GR00226,26405,18863,,0,0,0,0,0,0,0,0,0,0,0,0,0,0,0,0,0,0,0,0,0
GR00227,18270,13051,,0,0,0,0,0,0,0,0,0,0,0,0,0,0,0,0,0,0,0,0,0
GR00228,18270,13051,,0,0,0,0,0,0,0,0,0,0,0,0,0,0,0,0,0,0,0,0,0
GR00229,23551,16823,,0,0,0,0,0,0,0,0,0,0,0,0,0,0,0,0,0,0,0,0,0
GR00230,23551,16823,,0,0,0,0,0,0,0,0,0,0,0,0,0,0,0,0,0,0,0,0,0
GR00231,23908,17078,,0,0,0,0,0,0,0,0,0,0,0,0,0,0,0,0,0,0,0,0,0
GR00232,23908,17078,,0,0,0,0,0,0,0,0,0,0,0,0,0,0,0,0,0,0,0,0,0
GR00233,16057,11471,,0,0,0,0,0,0,0,0,0,0,0,0,0,0,0,0,0,0,0,0,0
GR00234,16057,11471,,0,0,0,0,0,0,0,0,0,0,0,0,0,0,0,0,0,0,0,0,0
GR00235,17841,12745,,0,0,0,0,0,0,0,0,0,0,0,0,0,0,0,0,0,0,0,0,0
GR00236,17841,12745,,0,0,0,0,0,0,0,0,0,0,0,0,0,0,0,0,0,0,0,0,0
GR00237,9634,6882,,0,0,0,0,0,0,0,0,0,0,0,0,0,0,0,0,0,0,0,0,0
GR00238,9634,6882,,0,0,0,0,0,0,0,0,0,0,0,0,0,0,0,0,0,0,0,0,0
GR00239,9634,6882,,0,0,0,0,0,0,0,0,0,0,0,0,0,0,0,0,0,0,0,0,0
GR00240,9634,6882,,0,0,0,0,0,0,0,0,0,0,0,0,0,0,0,0,0,0,0,0,0
GR00241,27833,19882,,0,0,0,0,0,0,0,0,0,0,0,0,0,0,0,0,0,0,0,0,0
GR00242,27833,19882,,0,0,0,0,0,0,0,0,0,0,0,0,0,0,0,0,0,0,0,0,0
GR00243,6494,4639,,0,0,0,0,0,0,0,0,0,0,0,0,0,0,0,0,0,0,0,0,0
GR00244,6494,4639,,0,0,0,0,0,0,0,0,0,0,0,0,0,0,0,0,0,0,0,0,0
GR00245,19804,14147,,0,0,0,0,0,0,0,0,0,0,0,0,0,0,0,0,0,0,0,0,0
GR00246,19804,14147,,0,0,0,0,0,0,0,0,0,0,0,0,0,0,0,0,0,0,0,0,0
GR00247,19982,14274,,0,0,0,0,0,0,0,0,0,0,0,0,0,0,0,0,0,0,0,0,0
GR00248,19982,14274,,0,0,0,0,0,0,0,0,0,0,0,0,0,0,0,0,0,0,0,0,0
GR00249,24978,17843,,0,0,0,0,0,0,0,0,0,0,0,0,0,0,0,0,0,0,0,0,0
GR00250,24978,17843,,0,0,0,0,0,0,0,0,0,0,0,0,0,0,0,0,0,0,0,0,0
GR00251,20696,14784,,0,0,0,0,0,0,0,0,0,0,0,0,0,0,0,0,0,0,0,0,0
GR00252,20696,14784,,0,0,0,0,0,0,0,0,0,0,0,0,0,0,0,0,0,0,0,0,0
GR00253,14630,10451,,0,0,0,0,0,0,0,0,0,0,0,0,0,0,0,0,0,0,0,0,0
GR00254,14630,10451,,0,0,0,0,0,0,0,0,0,0,0,0,0,0,0,0,0,0,0,0,0
GR00255,9278,6627,,0,0,0,0,0,0,0,0,0,0,0,0,0,0,0,0,0,0,0,0,0
GR00256,9278,6627,,0,0,0,0,0,0,0,0,0,0,0,0,0,0,0,0,0,0,0,0,0
GR00257,7137,5098,,0,0,0,0,0,0,0,0,0,0,0,0,0,0,0,0,0,0,0,0,0
GR00258,7137,5098,,0,0,0,0,0,0,0,0,0,0,0,0,0,0,0,0,0,0,0,0,0
GR00259,44960,32117,,0,0,0,0,0,0,0,0,0,0,0,0,0,0,0,0,0,0,0,0,0
GR00260,44960,32117,,0,0,0,0,0,0,0,0,0,0,0,0,0,0,0,0,0,0,0,0,0
GR00261,14095,10069,,0,0,0,0,0,0,0,0,0,0,0,0,0,0,0,0,0,0,0,0,0
GR00262,14095,10069,,0,0,0,0,0,0,0,0,0,0,0,0,0,0,0,0,0,0,0,0,0
GR00263,9278,6627,,0,0,0,0,0,0,0,0,0,0,0,0,0,0,0,0,0,0,0,0,0
GR00264,9278,6627,,0,0,0,0,0,0,0,0,0,0,0,0,0,0,0,0,0,0,0,0,0
GR00265,13916,9941,,0,0,0,0,0,0,0,0,0,0,0,0,0,0,0,0,0,0,0,0,0
GR00266,13916,9941,,0,0,0,0,0,0,0,0,0,0,0,0,0,0,0,0,0,0,0,0,0
GR00267,7137,5098,,0,0,0,0,0,0,0,0,0,0,0,0,0,0,0,0,0,0,0,0,0
GR00268,7137,5098,,0,0,0,0,0,0,0,0,0,0,0,0,0,0,0,0,0,0,0,0,0
GR00269,9278,6627,,0,0,0,0,0,0,0,0,0,0,0,0,0,0,0,0,0,0,0,0,0
GR00270,9278,6627,,0,0,0,0,0,0,0,0,0,0,0,0,0,0,0,0,0,0,0,0,0
GR00271,14273,10196,,0,0,0,0,0,0,0,0,0,0,0,0,0,0,0,0,0,0,0,0,0
GR00272,14273,10196,,0,0,0,0,0,0,0,0,0,0,0,0,0,0,0,0,0,0,0,0,0
GR00273,19626,14020,,0,0,0,0,0,0,0,0,0,0,0,0,0,0,0,0,0,0,0,0,0
GR00274,19626,14020,,0,0,0,0,0,0,0,0,0,0,0,0,0,0,0,0,0,0,0,0,0
GR00275,11062,7902,,0,0,0,0,0,0,0,0,0,0,0,0,0,0,0,0,0,0,0,0,0
GR00276,11062,7902,,0,0,0,0,0,0,0,0,0,0,0,0,0,0,0,0,0,0,0,0,0
GR00277,50670,36196,,0,0,0,0,0,0,0,0,0,0,0,0,0,0,0,0,0,0,0,0,0
GR00278,50670,36196,,0,0,0,0,0,0,0,0,0,0,0,0,0,0,0,0,0,0,0,0,0
GR00279,34969,24980,,0,0,0,0,0,0,0,0,0,0,0,0,0,0,0,0,0,0,0,0,0
GR00280,34969,24980,,0,0,0,0,0,0,0,0,0,0,0,0,0,0,0,0,0,0,0,0,0
GR00281,27297,19500,,0,0,0,0,0,0,0,0,0,0,0,0,0,0,0,0,0,0,0,0,0
GR00282,27297,19500,,0,0,0,0,0,0,0,0,0,0,0,0,0,0,0,0,0,0,0,0,0
GR00283,37645,26892,,0,0,0,0,0,0,0,0,0,0,0,0,0,0,0,0,0,0,0,0,0
GR00284,37645,26892,,0,0,0,0,0,0,0,0,0,0,0,0,0,0,0,0,0,0,0,0,0
GR00285,26049,18608,,0,0,0,0,0,0,0,0,0,0,0,0,0,0,0,0,0,0,0,0,0
GR00286,26049,18608,,0,0,0,0,0,0,0,0,0,0,0,0,0,0,0,0,0,0,0,0,0
GR00287,22230,15880,,0,0,0,0,0,0,0,0,0,0,0,0,0,0,0,0,0,0,0,0,0
GR00288,22230,15880,,0,0,0,0,0,0,0,0,0,0,0,0,0,0,0,0,0,0,0,0,0
GR00289,14095,10069,,0,0,0,0,0,0,0,0,0,0,0,0,0,0,0,0,0,0,0,0,0
GR00290,14095,10069,,0,0,0,0,0,0,0,0,0,0,0,0,0,0,0,0,0,0,0,0,0
GR00291,11419,8157,,0,0,0,0,0,0,0,0,0,0,0,0,0,0,0,0,0,0,0,0,0
GR00292,11419,8157,,0,0,0,0,0,0,0,0,0,0,0,0,0,0,0,0,0,0,0,0,0
GR00293,21410,15294,,0,0,0,0,0,0,0,0,0,0,0,0,0,0,0,0,0,0,0,0,0
GR00294,21410,15294,,0,0,0,0,0,0,0,0,0,0,0,0,0,0,0,0,0,0,0,0,0
GR00295,18377,13127,,0,0,0,0,0,0,0,0,0,0,0,0,0,0,0,0,0,0,0,0,0
GR00296,18377,13127,,0,0,0,0,0,0,0,0,0,0,0,0,0,0,0,0,0,0,0,0,0
GR00297,11240,8029,,0,0,0,0,0,0,0,0,0,0,0,0,0,0,0,0,0,0,0,0,0
GR00298,11240,8029,,0,0,0,0,0,0,0,0,0,0,0,0,0,0,0,0,0,0,0,0,0
GR00299,11062,7902,,0,0,0,0,0,0,0,0,0,0,0,0,0,0,0,0,0,0,0,0,0
GR00300,11062,7902,,0,0,0,0,0,0,0,0,0,0,0,0,0,0,0,0,0,0,0,0,0
GR00301,12846,9176,,0,0,0,0,0,0,0,0,0,0,0,0,0,0,0,0,0,0,0,0,0
GR00302,12846,9176,,0,0,0,0,0,0,0,0,0,0,0,0,0,0,0,0,0,0,0,0,0
GR00303,13203,9431,,0,0,0,0,0,0,0,0,0,0,0,0,0,0,0,0,0,0,0,0,0
GR00304,13203,9431,,0,0,0,0,0,0,0,0,0,0,0,0,0,0,0,0,0,0,0,0,0
GR00305,32115,22941,,0,0,0,0,0,0,0,0,0,0,0,0,0,0,0,0,0,0,0,0,0
GR00306,32115,22941,,0,0,0,0,0,0,0,0,0,0,0,0,0,0,0,0,0,0,0,0,0
GR00307,30687,21921,,0,0,0,0,0,0,0,0,0,0,0,0,0,0,0,0,0,0,0,0,0
GR00308,30687,21921,,0,0,0,0,0,0,0,0,0,0,0,0,0,0,0,0,0,0,0,0,0
GR00309,29974,21412,,0,0,0,0,0,0,0,0,0,0,0,0,0,0,0,0,0,0,0,0,0
GR00310,29974,21412,,0,0,0,0,0,0,0,0,0,0,0,0,0,0,0,0,0,0,0,0,0
GR00311,11062,7902,,0,0,0,0,0,0,0,0,0,0,0,0,0,0,0,0,0,0,0,0,0
GR00312,11062,7902,,0,0,0,0,0,0,0,0,0,0,0,0,0,0,0,0,0,0,0,0,0
GR00313,10705,7647,,0,0,0,0,0,0,0,0,0,0,0,0,0,0,0,0,0,0,0,0,0
GR00314,10705,7647,,0,0,0,0,0,0,0,0,0,0,0,0,0,0,0,0,0,0,0,0,0
GR00315,26405,18863,,0,0,0,0,0,0,0,0,0,0,0,0,0,0,0,0,0,0,0,0,0
GR00316,26405,18863,,0,0,0,0,0,0,0,0,0,0,0,0,0,0,0,0,0,0,0,0,0
GR00317,30330,21667,,0,0,0,0,0,0,0,0,0,0,0,0,0,0,0,0,0,0,0,0,0
GR00318,30330,21667,,0,0,0,0,0,0,0,0,0,0,0,0,0,0,0,0,0,0,0,0,0
GR00319,21053,15039,,0,0,0,0,0,0,0,0,0,0,0,0,0,0,0,0,0,0,0,0,0
GR00320,21053,15039,,0,0,0,0,0,0,0,0,0,0,0,0,0,0,0,0,0,0,0,0,0
GR00321,14630,10451,,0,0,0,0,0,0,0,0,0,0,0,0,0,0,0,0,0,0,0,0,0
GR00322,14630,10451,,0,0,0,0,0,0,0,0,0,0,0,0,0,0,0,0,0,0,0,0,0
GR00323,6780,4843,,0,0,0,0,0,0,0,0,0,0,0,0,0,0,0,0,0,0,0,0,0
GR00324,6780,4843,,0,0,0,0,0,0,0,0,0,0,0,0,0,0,0,0,0,0,0,0,0
GR00325,31401,22431,,0,0,0,0,0,0,0,0,0,0,0,0,0,0,0,0,0,0,0,0,0
GR00326,31401,22431,,0,0,0,0,0,0,0,0,0,0,0,0,0,0,0,0,0,0,0,0,0
GR00327,15344,10961,,0,0,0,0,0,0,0,0,0,0,0,0,0,0,0,0,0,0,0,0,0
GR00328,15344,10961,,0,0,0,0,0,0,0,0,0,0,0,0,0,0,0,0,0,0,0,0,0
GR00329,18555,13255,,0,0,0,0,0,0,0,0,0,0,0,0,0,0,0,0,0,0,0,0,0
GR00330,18555,13255,,0,0,0,0,0,0,0,0,0,0,0,0,0,0,0,0,0,0,0,0,0
GR00331,13916,9941,,0,0,0,0,0,0,0,0,0,0,0,0,0,0,0,0,0,0,0,0,0
GR00332,13916,9941,,0,0,0,0,0,0,0,0,0,0,0,0,0,0,0,0,0,0,0,0,0
GR00333,7493,5353,,0,0,0,0,0,0,0,0,0,0,0,0,0,0,0,0,0,0,0,0,0
GR00334,7493,5353,,0,0,0,0,0,0,0,0,0,0,0,0,0,0,0,0,0,0,0,0,0
GR00335,15700,11216,,0,0,0,0,0,0,0,0,0,0,0,0,0,0,0,0,0,0,0,0,0
GR00336,15700,11216,,0,0,0,0,0,0,0,0,0,0,0,0,0,0,0,0,0,0,0,0,0
GR00337,6780,4843,,0,0,0,0,0,0,0,0,0,0,0,0,0,0,0,0,0,0,0,0,0
GR00338,6780,4843,,0,0,0,0,0,0,0,0,0,0,0,0,0,0,0,0,0,0,0,0,0
GR00339,18377,13127,,0,0,0,0,0,0,0,0,0,0,0,0,0,0,0,0,0,0,0,0,0
GR00340,18377,13127,,0,0,0,0,0,0,0,0,0,0,0,0,0,0,0,0,0,0,0,0,0
GR00341,32828,23451,,0,0,0,0,0,0,0,0,0,0,0,0,0,0,0,0,0,0,0,0,0
GR00342,32828,23451,,0,0,0,0,0,0,0,0,0,0,0,0,0,0,0,0,0,0,0,0,0
GR00343,11062,7902,,0,0,0,0,0,0,0,0,0,0,0,0,0,0,0,0,0,0,0,0,0
GR00344,11062,7902,,0,0,0,0,0,0,0,0,0,0,0,0,0,0,0,0,0,0,0,0,0
GR00345,9634,6882,,0,0,0,0,0,0,0,0,0,0,0,0,0,0,0,0,0,0,0,0,0
GR00346,9634,6882,,0,0,0,0,0,0,0,0,0,0,0,0,0,0,0,0,0,0,0,0,0
GR00347,9634,6882,,0,0,0,0,0,0,0,0,0,0,0,0,0,0,0,0,0,0,0,0,0
GR00348,9634,6882,,0,0,0,0,0,0,0,0,0,0,0,0,0,0,0,0,0,0,0,0,0
GR00349,20696,14784,,0,0,0,0,0,0,0,0,0,0,0,0,0,0,0,0,0,0,0,0,0
GR00350,20696,14784,,0,0,0,0,0,0,0,0,0,0,0,0,0,0,0,0,0,0,0,0,0
GR00351,24800,17716,,0,0,0,0,0,0,0,0,0,0,0,0,0,0,0,0,0,0,0,0,0
GR00352,24800,17716,,0,0,0,0,0,0,0,0,0,0,0,0,0,0,0,0,0,0,0,0,0
GR00353,39965,28549,,0,0,0,0,0,0,0,0,0,0,0,0,0,0,0,0,0,0,0,0,0
GR00354,39965,28549,,0,0,0,0,0,0,0,0,0,0,0,0,0,0,0,0,0,0,0,0,0
GR00355,22302,15931,,0,0,0,0,0,0,0,0,0,0,0,0,0,0,0,0,0,0,0,0,0
GR00356,22302,15931,,0,0,0,0,0,0,0,0,0,0,0,0,0,0,0,0,0,0,0,0,0
